index,correct,prediction,score_A,score_B,score_C,score_D
0,A,B,-1.6591796875,-0.8779296875,-1.0341796875,-4.26953125
1,D,C,-2.05078125,-1.2060546875,-0.81591796875,-2.08203125
2,C,C,-1.71875,-1.703125,-1.171875,-3.703125
3,A,C,-1.564453125,-2.345703125,-0.392578125,-4.6875
4,D,B,-0.9677734375,-0.8427734375,-1.7646484375,-4.53125
5,B,B,-1.3681640625,-0.6806640625,-1.7744140625,-4.3515625
6,D,C,-1.4345703125,-1.0595703125,-0.98095703125,-4.63671875
7,B,B,-1.203125,-1.03125,-1.140625,-5.734375
8,C,C,-1.15625,-1.28125,-1.125,-4.515625
9,A,B,-1.138671875,-0.841796875,-1.482421875,-4.6875
10,D,C,-1.1640625,-1.9921875,-0.6796875,-3.2578125
11,C,C,-1.4404296875,-1.5966796875,-0.64306640625,-4.66015625
12,B,A,-1.07421875,-1.48046875,-1.27734375,-4.62109375
13,A,C,-2.0625,-1.2041015625,-0.7041015625,-2.875
14,D,C,-0.8974609375,-2.2578125,-0.7255859375,-6.6015625
15,C,B,-1.892578125,-0.783203125,-1.095703125,-3.064453125
16,A,A,-0.379150390625,-1.55078125,-2.66015625,-4.41015625
17,C,B,-1.310546875,-0.70068359375,-1.669921875,-4.10546875
18,D,B,-1.4267578125,-0.9580078125,-1.0517578125,-4.34765625
19,C,B,-1.5361328125,-0.50439453125,-2.14453125,-4.55078125
20,A,C,-1.349609375,-2.537109375,-0.42724609375,-5.84765625
21,D,C,-1.048828125,-1.580078125,-0.861328125,-5.75
22,D,A,-0.599609375,-1.380859375,-1.912109375,-3.677734375
23,B,B,-1.166015625,-0.712890625,-2.009765625,-5.51171875
24,D,B,-2.3984375,-0.2880859375,-2.2265625,-5.7421875
25,A,B,-1.58984375,-0.87060546875,-1.19921875,-4.19921875
26,C,C,-1.5634765625,-1.0322265625,-0.89208984375,-5.859375
27,D,C,-1.8955078125,-1.9736328125,-0.364013671875,-4.44140625
28,B,B,-1.3349609375,-0.6162109375,-1.7255859375,-4.7265625
29,C,C,-2.626953125,-1.5810546875,-0.377685546875,-3.455078125
30,D,B,-2.203125,-1.0947265625,-1.5009765625,-2.625
31,A,A,-0.90771484375,-1.4541015625,-1.2197265625,-2.892578125
32,C,B,-1.5478515625,-0.8916015625,-3.048828125,-1.1572265625
33,A,C,-1.345703125,-2.080078125,-0.548828125,-5.0625
34,C,B,-2.763671875,-0.779296875,-1.076171875,-2.763671875
35,D,B,-1.986328125,-0.314208984375,-2.064453125,-7.28125
36,A,C,-1.0703125,-2.0546875,-0.6640625,-6.0859375
37,A,C,-1.38671875,-3.65234375,-0.339599609375,-6.51171875
38,B,C,-1.330078125,-2.033203125,-0.548828125,-3.908203125
39,A,B,-0.9951171875,-0.8544921875,-1.6669921875,-5.94921875
40,A,C,-1.5625,-0.96826171875,-0.95263671875,-4.0625
41,B,A,-0.8203125,-1.3515625,-1.3203125,-5.1015625
42,A,B,-0.92138671875,-0.70263671875,-2.65625,-4.65625
43,D,B,-1.8076171875,-0.9326171875,-1.4638671875,-3.853515625
44,D,B,-3.107421875,-0.857421875,-1.232421875,-4.234375
45,D,B,-2.244140625,-0.55712890625,-1.2919921875,-4.07421875
46,D,B,-0.99951171875,-0.90576171875,-1.546875,-4.5625
47,C,C,-2.330078125,-1.064453125,-0.78271484375,-2.548828125
48,D,C,-1.5888671875,-1.9951171875,-0.5888671875,-2.447265625
49,A,A,-0.86669921875,-1.7109375,-0.94482421875,-5.4765625
50,A,C,-1.4462890625,-1.8681640625,-0.5244140625,-5.8046875
51,B,C,-1.3779296875,-1.3310546875,-1.0498046875,-3.34765625
52,A,B,-0.95068359375,-0.57568359375,-3.091796875,-7.19921875
53,B,B,-1.369140625,-0.54052734375,-2.259765625,-3.259765625
54,B,C,-1.1357421875,-1.9638671875,-0.83935546875,-2.77734375
55,A,A,-0.375244140625,-1.78125,-2.296875,-3.796875
56,B,C,-1.2861328125,-1.4423828125,-0.91162109375,-4.48828125
57,B,B,-2.029296875,-0.79443359375,-0.96630859375,-4.76171875
58,A,B,-1.998046875,-0.372802734375,-1.998046875,-4.30859375
59,A,B,-1.6845703125,-0.8251953125,-1.1220703125,-3.904296875
60,A,A,-0.84326171875,-1.3115234375,-1.2646484375,-5.296875
61,C,C,-1.052734375,-1.943359375,-0.78662109375,-6.69140625
62,C,C,-1.173828125,-1.298828125,-0.908203125,-6.28515625
63,A,B,-1.5283203125,-0.8720703125,-1.0595703125,-6.46484375
64,C,C,-2.17578125,-2.56640625,-0.22216796875,-5.66015625
65,A,C,-2.130859375,-1.224609375,-0.552734375,-5.4921875
66,C,C,-2.736328125,-0.830078125,-0.751953125,-5.83203125
67,B,B,-2.703125,-0.54736328125,-1.328125,-3.734375
68,C,B,-2.11328125,-0.6748046875,-1.0185546875,-6.75390625
69,B,B,-1.841796875,-0.498046875,-1.482421875,-7.83984375
70,D,B,-1.5703125,-0.83642578125,-1.4609375,-2.5546875
71,C,C,-2.763671875,-3.732421875,-0.10650634765625,-4.94921875
72,B,C,-1.48828125,-1.42578125,-0.81689453125,-4.64453125
73,D,C,-2.21875,-2.234375,-0.281982421875,-4.171875
74,A,B,-1.2490234375,-1.0615234375,-1.1865234375,-3.859375
75,B,B,-1.8662109375,-0.70947265625,-1.1474609375,-3.646484375
76,C,C,-2.087890625,-1.166015625,-1.103515625,-1.728515625
77,C,B,-1.654296875,-0.326171875,-2.638671875,-6.13671875
78,B,B,-1.6474609375,-0.5537109375,-1.5224609375,-6.4453125
79,D,B,-2.685546875,-0.81103515625,-1.3740234375,-1.9677734375
80,C,A,-0.94580078125,-1.3046875,-1.1484375,-4.1953125
81,D,C,-1.4951171875,-1.0576171875,-0.8857421875,-5.30859375
82,D,C,-1.5849609375,-2.458984375,-0.444091796875,-3.552734375
83,B,C,-2.0625,-1.7197265625,-0.5634765625,-2.40625
84,D,C,-1.4013671875,-1.6982421875,-0.5888671875,-7.40234375
85,A,B,-2.08203125,-0.33154296875,-2.03515625,-5.42578125
86,B,C,-1.7119140625,-1.2900390625,-0.7275390625,-4.6953125
87,B,C,-1.1806640625,-2.806640625,-0.6025390625,-2.650390625
88,C,C,-1.5029296875,-1.5498046875,-0.5966796875,-5.17578125
89,B,C,-2.2734375,-1.1494140625,-0.5712890625,-5.1796875
90,D,D,-4.4609375,-4.4609375,-1.525390625,-0.290771484375
91,D,C,-2.751953125,-1.033203125,-0.564453125,-5.61328125
92,D,C,-1.240234375,-1.990234375,-0.58349609375,-4.53515625
93,D,C,-2.322265625,-2.791015625,-0.181396484375,-7.8046875
94,C,B,-1.4873046875,-0.6279296875,-1.4873046875,-4.47265625
95,A,C,-1.4736328125,-1.6298828125,-0.7392578125,-3.87890625
96,A,C,-1.25390625,-1.66015625,-0.67626953125,-4.73828125
97,A,C,-1.8388671875,-0.97998046875,-0.83935546875,-3.57421875
98,D,B,-1.4560546875,-0.4560546875,-2.361328125,-5.28515625
99,B,C,-1.94921875,-1.27734375,-0.66796875,-3.18359375
100,B,B,-1.1298828125,-0.83251953125,-1.4736328125,-5.48828125
101,D,B,-2.263671875,-1.2314453125,-1.5908203125,-1.8408203125
102,A,B,-2.4765625,-0.66357421875,-1.1640625,-2.6484375
103,D,C,-1.9697265625,-0.9697265625,-0.8291015625,-3.40625
104,A,A,-0.54150390625,-1.759765625,-1.681640625,-3.228515625
105,A,B,-1.083984375,-0.84912109375,-1.771484375,-4.09765625
106,A,A,-0.76123046875,-1.4638671875,-1.4794921875,-5.40234375
107,B,C,-1.2314453125,-1.3408203125,-0.88818359375,-5.54296875
108,A,C,-1.0615234375,-2.203125,-0.64013671875,-5.4375
109,D,C,-1.2763671875,-1.3857421875,-0.87060546875,-3.19921875
110,A,C,-2.005859375,-1.4892578125,-0.47412109375,-5.50390625
111,B,C,-1.01171875,-2.19921875,-0.66748046875,-4.80859375
112,A,A,-1.392578125,-1.642578125,-2.330078125,-5.05078125
113,D,B,-1.6728515625,-0.62548828125,-2.015625,-5.21875
114,A,B,-1.6767578125,-0.59912109375,-1.4267578125,-5.16015625
115,D,A,-0.802734375,-0.912109375,-2.146484375,-3.583984375
116,C,A,-0.99365234375,-1.1337890625,-1.4306640625,-3.353515625
117,C,A,-0.71142578125,-2.1484375,-1.0556640625,-5.6953125
118,C,B,-1.0673828125,-0.78662109375,-1.7548828125,-4.23828125
119,B,B,-2.33203125,-0.84814453125,-1.1142578125,-2.01953125
120,A,A,-0.88427734375,-1.6650390625,-0.97802734375,-5.8515625
121,D,C,-1.2451171875,-1.1357421875,-0.9951171875,-4.41796875
122,A,A,-0.759765625,-0.806640625,-2.541015625,-5.40234375
123,A,A,-0.40234375,-2.01171875,-1.80859375,-5.51171875
124,C,B,-1.0947265625,-0.6416015625,-2.111328125,-5.734375
125,A,A,-0.791015625,-1.353515625,-1.306640625,-4.9921875
126,C,A,-0.79833984375,-1.486328125,-1.158203125,-4.8125
127,D,A,-0.5751953125,-0.9033203125,-3.873046875,-7.32421875
128,B,B,-1.947265625,-0.275390625,-2.791015625,-4.16796875
129,B,A,-0.89404296875,-1.53515625,-1.92578125,-4.05078125
130,B,B,-2.541015625,-0.353759765625,-1.728515625,-3.869140625
131,C,A,-0.66845703125,-1.91796875,-1.18359375,-6.60546875
132,A,B,-3.267578125,-0.64306640625,-2.611328125,-2.330078125
133,A,C,-1.708984375,-1.474609375,-0.583984375,-4.11328125
134,C,B,-2.484375,-0.95263671875,-1.5927734375,-1.9521484375
135,A,C,-1.2001953125,-1.5126953125,-0.8876953125,-3.826171875
136,A,C,-1.3974609375,-1.4599609375,-0.7099609375,-4.8828125
137,D,C,-1.04296875,-1.52734375,-0.87109375,-4.85546875
138,D,C,-1.6162109375,-2.3984375,-0.50732421875,-2.3359375
139,A,A,-0.27783203125,-1.96484375,-2.66796875,-5.63671875
140,B,A,-0.927734375,-1.333984375,-1.271484375,-4.39453125
141,B,B,-1.875,-1.171875,-2.921875,-3.1875
142,B,B,-1.5732421875,-0.7138671875,-1.2451171875,-6.13671875
143,D,C,-2.265625,-1.2021484375,-0.5927734375,-3.421875
144,C,C,-1.15625,-2.3125,-0.5625,-7.125
145,D,C,-0.97265625,-1.83203125,-0.92578125,-3.14453125
146,A,C,-1.943359375,-1.052734375,-0.693359375,-6.1015625
147,D,C,-2.40234375,-1.6201171875,-0.54248046875,-2.15234375
148,C,C,-1.896484375,-1.349609375,-0.61474609375,-3.146484375
149,D,B,-1.8583984375,-0.87451171875,-0.95263671875,-4.9375
150,D,C,-2.203125,-1.109375,-0.64013671875,-4.328125
151,D,C,-1.974609375,-1.177734375,-0.646484375,-4.5859375
152,C,B,-2.064453125,-0.470458984375,-1.423828125,-6.765625
153,D,C,-1.1630859375,-2.396484375,-0.5380859375,-4.8046875
154,D,C,-1.294921875,-2.123046875,-0.68603515625,-2.560546875
155,D,C,-2.60546875,-1.29296875,-0.84033203125,-1.88671875
156,D,C,-1.8369140625,-1.3212890625,-0.7744140625,-2.4609375
157,D,C,-2.259765625,-1.603515625,-0.400390625,-6.62109375
158,B,C,-1.2001953125,-1.2158203125,-1.0595703125,-3.52734375
159,C,B,-3.158203125,-2.033203125,-2.876953125,-2.376953125
160,B,B,-1.06640625,-1.01953125,-1.30078125,-4.08203125
161,D,A,-1.05859375,-1.12109375,-1.71484375,-1.94921875
162,D,C,-1.2509765625,-1.0947265625,-1.0478515625,-4.046875
163,C,B,-1.9501953125,-0.481689453125,-1.6533203125,-3.138671875
164,A,C,-2.357421875,-1.904296875,-1.419921875,-6.21875
165,C,B,-1.13671875,-0.91845703125,-1.37109375,-4.46484375
166,B,C,-1.8330078125,-1.9267578125,-0.42724609375,-3.537109375
167,B,B,-2.0546875,-0.211181640625,-3.3671875,-3.7421875
168,D,B,-1.2607421875,-0.97998046875,-1.1982421875,-3.74609375
169,D,B,-1.849609375,-0.489990234375,-1.521484375,-5.36328125
170,B,C,-1.4375,-1.71875,-0.578125,-5.0625
171,B,C,-2.22265625,-1.3330078125,-0.8017578125,-1.8330078125
172,C,C,-2.466796875,-1.060546875,-0.59130859375,-5.58984375
173,D,B,-2.3671875,-0.367919921875,-2.0703125,-5.7734375
174,B,B,-1.8046875,-0.491943359375,-1.6953125,-4.5234375
175,A,B,-2.001953125,-0.5009765625,-1.5322265625,-4.671875
176,D,C,-2.328125,-1.9697265625,-0.297607421875,-4.890625
177,A,C,-1.4130859375,-1.4755859375,-0.99072265625,-4.0234375
178,C,C,-1.6181640625,-1.0244140625,-0.89990234375,-3.931640625
179,B,C,-1.728515625,-1.556640625,-0.58740234375,-3.650390625
180,D,C,-1.1005859375,-1.6787109375,-0.9130859375,-2.865234375
181,C,B,-1.857421875,-0.34130859375,-2.373046875,-5.16796875
182,A,B,-2.314453125,-0.548828125,-1.298828125,-4.15625
183,A,C,-1.8115234375,-1.0458984375,-0.74853515625,-5.953125
184,A,B,-2.216796875,-0.873046875,-0.982421875,-2.669921875
185,C,B,-1.8759765625,-0.64111328125,-1.2978515625,-3.15625
186,D,B,-1.6279296875,-0.6748046875,-1.4560546875,-3.14453125
187,A,C,-1.1669921875,-1.3232421875,-0.9169921875,-4.18359375
188,B,B,-2.24609375,-0.51171875,-1.30859375,-6.16796875
189,B,B,-1.8291015625,-0.81298828125,-1.0166015625,-3.84375
190,C,C,-2.142578125,-0.84619140625,-0.81494140625,-5.94140625
191,A,C,-1.623046875,-1.169921875,-0.96630859375,-2.623046875
192,B,B,-0.97900390625,-0.88525390625,-1.587890625,-6.68359375
193,A,C,-1.3466796875,-1.4091796875,-0.98779296875,-2.14453125
194,D,C,-0.927734375,-1.990234375,-0.802734375,-4.6015625
195,A,A,-0.8779296875,-1.0029296875,-1.6748046875,-5.00390625
196,A,C,-1.927734375,-1.099609375,-0.755859375,-4.8828125
197,C,B,-2.345703125,-0.673828125,-0.939453125,-6.62890625
198,C,C,-3.1015625,-5.5859375,-0.054412841796875,-7.9453125
199,A,C,-1.26171875,-2.76171875,-0.43310546875,-6.02734375
200,A,B,-1.2939453125,-0.84033203125,-1.3251953125,-4.54296875
201,C,C,-1.6630859375,-0.9599609375,-0.9130859375,-4.6328125
202,B,B,-1.51171875,-0.49609375,-1.85546875,-7.15234375
203,B,B,-1.7900390625,-0.61767578125,-1.2587890625,-6.3671875
204,D,C,-2.251953125,-1.2216796875,-0.7841796875,-2.095703125
205,A,B,-1.5849609375,-0.91259765625,-1.0068359375,-5.7421875
206,C,C,-2.3125,-1.546875,-0.453369140625,-3.421875
207,D,B,-2.517578125,-0.78369140625,-0.93994140625,-2.845703125
208,C,C,-1.62109375,-2.51171875,-0.339599609375,-5.93359375
209,A,B,-1.03515625,-0.77001953125,-1.78515625,-5.73828125
210,C,A,-0.94970703125,-0.98095703125,-1.46484375,-6.57421875
211,D,A,-0.93017578125,-1.0546875,-1.3984375,-4.9140625
212,C,B,-2.654296875,-0.68505859375,-0.95068359375,-4.04296875
213,C,B,-2.70703125,-0.253173828125,-1.9248046875,-6.81640625
214,D,B,-2.1875,-0.156982421875,-3.734375,-7.796875
215,D,C,-1.3203125,-1.5390625,-0.6796875,-5.1953125
216,D,C,-1.8310546875,-1.7060546875,-0.487060546875,-3.486328125
217,C,C,-2.1328125,-2.3828125,-0.55419921875,-1.6162109375
218,A,C,-1.814453125,-1.751953125,-0.439453125,-5.20703125
219,C,C,-1.4287109375,-1.8818359375,-0.6943359375,-2.302734375
220,D,C,-1.30859375,-2.05859375,-0.69873046875,-2.35546875
221,A,C,-1.66796875,-1.21484375,-0.80810546875,-4.98046875
222,A,C,-1.1689453125,-1.9814453125,-0.6689453125,-3.58984375
223,D,C,-1.1845703125,-1.4033203125,-0.85595703125,-4.38671875
224,D,B,-1.6474609375,-0.6787109375,-1.4287109375,-3.037109375
225,B,A,-0.8896484375,-0.9521484375,-1.6240234375,-5.984375
226,D,C,-1.8720703125,-1.3251953125,-0.8251953125,-2.013671875
227,C,B,-1.7392578125,-0.94287109375,-0.95849609375,-3.052734375
228,A,C,-0.919921875,-1.982421875,-0.810546875,-4.625
229,B,C,-2.14453125,-2.11328125,-0.331298828125,-3.39453125
230,C,B,-1.7216796875,-0.5810546875,-1.4248046875,-7.08203125
231,D,C,-1.7138671875,-1.6044921875,-0.6044921875,-2.69921875
232,D,C,-1.3603515625,-1.5947265625,-0.62646484375,-6.46875
233,D,C,-1.1171875,-2.8828125,-0.5078125,-4.4765625
234,B,A,-1.0595703125,-1.1533203125,-1.1064453125,-5.19921875
235,C,B,-2.392578125,-0.65771484375,-0.98583984375,-4.9375
236,D,C,-2.57421875,-1.6669921875,-0.3388671875,-4.08984375
237,A,C,-1.923828125,-2.080078125,-0.345703125,-5.56640625
238,B,B,-1.681640625,-0.478515625,-1.712890625,-5.1640625
239,C,C,-1.234375,-1.875,-0.60986328125,-6.328125
240,C,C,-1.6533203125,-1.5908203125,-0.5439453125,-6.08984375
241,C,B,-2.15234375,-0.90234375,-0.91796875,-2.82421875
242,A,C,-1.2119140625,-2.556640625,-0.4931640625,-4.9609375
243,B,B,-1.5908203125,-0.4658203125,-1.8720703125,-4.46484375
244,A,A,-0.63671875,-1.55859375,-2.27734375,-1.88671875
245,A,C,-1.1279296875,-1.2685546875,-0.95654296875,-5.41015625
246,B,B,-1.5146484375,-0.7490234375,-1.2333984375,-4.359375
247,A,B,-0.80419921875,-0.75732421875,-3.1015625,-4.5703125
248,A,C,-1.0849609375,-2.208984375,-0.6162109375,-5.7109375
249,B,A,-0.69677734375,-1.509765625,-1.291015625,-6.9765625
250,C,C,-1.41796875,-2.19921875,-0.449462890625,-5.57421875
251,A,C,-1.51953125,-1.31640625,-0.73876953125,-3.58203125
252,B,B,-1.900390625,-0.744140625,-0.994140625,-7.33984375
253,A,C,-1.7392578125,-1.5048828125,-0.58349609375,-3.677734375
254,A,B,-1.986328125,-0.86181640625,-0.98681640625,-4.05078125
255,C,B,-1.8740234375,-0.88916015625,-0.92041015625,-4.765625
256,A,C,-1.6572265625,-2.0,-0.438232421875,-5.140625
257,A,B,-2.4609375,-0.74267578125,-0.99267578125,-3.5390625
258,D,B,-1.1806640625,-0.96142578125,-1.3369140625,-3.3671875
259,B,C,-2.33984375,-1.82421875,-0.30810546875,-5.76171875
260,D,C,-2.166015625,-0.97900390625,-0.79150390625,-3.447265625
261,D,C,-2.47265625,-1.42578125,-0.488037109375,-3.94140625
262,D,C,-1.8779296875,-1.1279296875,-0.8623046875,-2.861328125
263,D,D,-1.6337890625,-1.4150390625,-1.4150390625,-1.1806640625
264,C,C,-1.0576171875,-2.19921875,-0.6669921875,-5.40234375
265,C,C,-1.970703125,-1.408203125,-0.736328125,-2.470703125
266,C,C,-1.244140625,-2.072265625,-0.556640625,-6.88671875
267,D,B,-2.732421875,-0.54541015625,-1.1396484375,-3.576171875
268,C,C,-1.14453125,-1.67578125,-0.76953125,-5.42578125
269,D,B,-1.927734375,-0.67822265625,-1.693359375,-3.318359375
270,D,A,-0.70166015625,-1.0771484375,-2.294921875,-3.232421875
271,B,B,-1.2861328125,-0.86474609375,-1.4111328125,-2.958984375
272,D,B,-1.3154296875,-1.0029296875,-1.6591796875,-3.861328125
273,B,A,-0.9140625,-1.2578125,-1.5546875,-4.6171875
274,D,A,-1.0693359375,-1.1162109375,-1.1787109375,-5.1171875
275,C,B,-2.67578125,-0.347412109375,-2.64453125,-3.91015625
276,A,B,-1.2314453125,-0.7939453125,-1.6376953125,-4.23046875
277,B,C,-1.6015625,-1.4921875,-0.7578125,-4.5234375
278,C,D,-2.1796875,-1.2578125,-1.2578125,-1.2265625
279,C,C,-2.046875,-2.734375,-0.28125,-3.078125
280,C,B,-2.181640625,-0.619140625,-1.697265625,-1.916015625
281,C,B,-2.302734375,-0.427978515625,-1.443359375,-4.8046875
282,C,B,-2.53515625,-0.7548828125,-0.8486328125,-4.78515625
283,D,B,-2.44140625,-0.8466796875,-0.9560546875,-3.22265625
284,D,C,-1.0595703125,-2.185546875,-0.77880859375,-2.935546875
285,A,B,-2.486328125,-0.533203125,-1.126953125,-6.22265625
286,D,B,-1.4228515625,-1.1416015625,-1.6728515625,-2.59375
287,C,C,-1.5712890625,-2.2421875,-0.414794921875,-5.0703125
288,D,A,-0.99951171875,-1.65625,-1.09375,-2.3125
289,B,B,-2.599609375,-0.740234375,-0.943359375,-4.7421875
290,A,C,-2.001953125,-1.2353515625,-0.6572265625,-3.611328125
291,D,A,-0.68994140625,-1.017578125,-2.126953125,-5.08203125
292,A,B,-1.705078125,-0.33056640625,-2.439453125,-5.48828125
293,D,B,-1.0068359375,-0.8193359375,-1.9130859375,-3.115234375
294,B,B,-2.4140625,-0.6328125,-1.1484375,-2.8359375
295,C,B,-1.6669921875,-0.82275390625,-1.3388671875,-2.525390625
296,D,C,-1.154296875,-1.451171875,-1.060546875,-2.310546875
297,D,C,-1.8779296875,-0.9873046875,-0.9560546875,-2.845703125
298,B,A,-0.81640625,-1.97265625,-0.94140625,-5.62890625
299,A,B,-1.8427734375,-0.4052734375,-2.279296875,-3.294921875
300,C,C,-2.166015625,-2.244140625,-0.337158203125,-3.119140625
301,B,B,-1.4873046875,-0.98779296875,-1.0966796875,-2.92578125
302,B,B,-1.62890625,-0.44091796875,-2.34765625,-3.91015625
303,A,B,-1.91796875,-0.49560546875,-1.52734375,-5.01171875
304,A,A,-0.841796875,-1.310546875,-1.435546875,-3.029296875
305,D,B,-1.333984375,-0.943359375,-1.099609375,-5.8828125
306,C,B,-2.044921875,-0.810546875,-0.919921875,-5.03125
307,B,B,-1.3974609375,-0.92919921875,-1.2568359375,-2.8203125
308,A,C,-1.416015625,-1.197265625,-0.88525390625,-3.837890625
309,B,C,-2.69921875,-1.2294921875,-0.74560546875,-3.08984375
310,A,C,-1.169921875,-2.310546875,-0.623046875,-3.888671875
311,A,B,-2.826171875,-0.280029296875,-1.7333984375,-5.375
312,D,C,-1.744140625,-1.494140625,-0.791015625,-1.947265625
313,A,C,-2.134765625,-1.025390625,-0.822265625,-3.009765625
314,A,C,-1.1953125,-1.9453125,-0.66455078125,-3.9453125
315,D,C,-1.6064453125,-1.2158203125,-0.76318359375,-3.513671875
316,C,C,-1.4462890625,-1.4775390625,-0.89892578125,-2.1015625
317,B,B,-2.232421875,-0.2481689453125,-2.232421875,-7.1875
318,A,C,-1.828125,-1.890625,-0.51513671875,-2.5625
319,C,C,-1.5849609375,-1.5224609375,-0.60107421875,-4.1640625
320,D,C,-2.224609375,-1.2705078125,-0.5986328125,-3.083984375
321,A,B,-2.5625,-0.437744140625,-1.359375,-5.203125
322,B,B,-2.833984375,-0.194091796875,-2.240234375,-5.2109375
323,D,C,-2.259765625,-1.3232421875,-0.494873046875,-4.68359375
324,C,C,-1.8564453125,-1.5439453125,-0.5126953125,-5.12109375
325,C,C,-1.6015625,-1.1328125,-0.78857421875,-5.6796875
326,D,C,-1.2490234375,-1.4521484375,-0.8271484375,-4.421875
327,D,B,-2.412109375,-0.443603515625,-1.396484375,-4.6328125
328,B,C,-1.5595703125,-1.1689453125,-0.76318359375,-5.65234375
329,A,B,-2.419921875,-0.67041015625,-0.95166015625,-6.515625
330,B,B,-1.5478515625,-0.422607421875,-2.140625,-6.265625
331,C,C,-1.6474609375,-5.2890625,-0.2259521484375,-5.9296875
332,D,C,-1.2275390625,-1.3212890625,-0.8994140625,-5.3515625
333,C,C,-2.099609375,-1.458984375,-0.490478515625,-4.0546875
334,B,C,-1.98046875,-1.01171875,-0.79296875,-4.01171875
335,A,C,-1.1943359375,-1.1005859375,-1.0693359375,-6.1953125
336,B,B,-0.888671875,-0.841796875,-2.029296875,-4.40625
337,C,C,-1.060546875,-1.654296875,-0.91943359375,-5.13671875
338,A,C,-1.2490234375,-1.1083984375,-1.0146484375,-4.984375
339,C,B,-1.1162109375,-1.0224609375,-1.3505859375,-2.974609375
340,C,B,-1.380859375,-0.73974609375,-1.412109375,-3.693359375
341,B,B,-1.767578125,-0.59521484375,-1.376953125,-3.798828125
342,B,B,-1.5498046875,-0.58056640625,-1.5810546875,-4.14453125
343,A,C,-1.1953125,-1.4765625,-0.7734375,-6.2578125
344,A,B,-1.5361328125,-0.86474609375,-1.5830078125,-3.115234375
345,C,C,-2.173828125,-1.345703125,-0.486572265625,-6.25390625
346,B,B,-2.927734375,-0.34912109375,-1.443359375,-7.39453125
347,A,C,-0.9619140625,-1.6494140625,-0.9462890625,-3.619140625
348,D,B,-2.001953125,-0.861328125,-1.033203125,-2.517578125
349,D,D,-2.966796875,-4.296875,-3.076171875,-0.12371826171875
350,A,A,-0.46533203125,-2.60546875,-1.2314453125,-7.63671875
351,B,B,-2.431640625,-0.1817626953125,-2.759765625,-6.05859375
352,D,D,-2.876953125,-3.017578125,-0.89306640625,-0.73681640625
353,C,C,-1.9287109375,-4.0390625,-0.256591796875,-6.5390625
354,C,C,-2.3359375,-1.1640625,-0.5703125,-5.7578125
355,D,B,-2.029296875,-0.372314453125,-1.8095703125,-5.18359375
356,A,C,-1.6689453125,-1.1845703125,-0.79345703125,-3.26171875
357,A,A,-0.5302734375,-1.7490234375,-1.5615234375,-6.9375
358,A,B,-1.994140625,-0.556640625,-1.353515625,-6.0390625
359,D,B,-2.45703125,-0.441650390625,-1.50390625,-4.48828125
360,A,C,-1.404296875,-1.591796875,-0.638671875,-3.951171875
361,A,C,-1.3310546875,-2.06640625,-0.5185546875,-5.08203125
362,B,B,-1.7431640625,-0.4931640625,-1.5712890625,-7.4609375
363,B,B,-1.609375,-0.515625,-1.65625,-5.953125
364,D,C,-1.921875,-2.1875,-0.62548828125,-1.59375
365,C,C,-3.529296875,-5.71875,-0.044921875,-8.046875
366,A,B,-1.9853515625,-0.39111328125,-2.015625,-4.796875
367,A,C,-1.1943359375,-1.6162109375,-0.7880859375,-4.8671875
368,A,C,-2.2421875,-2.3046875,-0.27294921875,-3.7578125
369,D,B,-1.4443359375,-0.7099609375,-1.7099609375,-3.5546875
370,B,B,-1.3935546875,-0.5810546875,-1.6748046875,-6.01953125
371,B,B,-1.591796875,-0.41943359375,-2.013671875,-6.35546875
372,D,C,-1.8486328125,-3.01953125,-0.52001953125,-1.6455078125
373,B,B,-2.29296875,-0.1522216796875,-3.30859375,-6.58984375
374,C,C,-1.4052734375,-1.9521484375,-0.5302734375,-6.109375
375,B,B,-2.966796875,-0.076904296875,-4.296875,-5.625
376,D,C,-1.84765625,-1.67578125,-0.98876953125,-1.30078125
377,D,C,-2.4140625,-1.2900390625,-0.8681640625,-1.5712890625
378,C,C,-1.7275390625,-2.0859375,-0.41455078125,-4.0703125
379,A,B,-1.24609375,-0.83984375,-1.30859375,-5.52734375
380,C,B,-1.0751953125,-1.0439453125,-1.2626953125,-3.966796875
381,B,A,-0.73681640625,-1.4716796875,-1.2685546875,-5.12890625
382,A,B,-1.9638671875,-0.5732421875,-1.2451171875,-7.02734375
383,B,B,-1.2373046875,-1.0185546875,-1.0966796875,-5.03515625
384,C,B,-1.783203125,-0.876953125,-0.892578125,-6.31640625
385,A,B,-1.119140625,-0.76025390625,-1.619140625,-5.55859375
386,A,B,-1.548828125,-0.65869140625,-1.392578125,-4.28515625
387,C,C,-1.6611328125,-0.9736328125,-0.8642578125,-6.00390625
388,A,C,-1.12109375,-2.23046875,-0.58935546875,-4.83984375
389,D,C,-1.892578125,-1.705078125,-0.423828125,-4.95703125
390,B,C,-0.99072265625,-1.943359375,-0.74072265625,-5.6484375
391,A,C,-0.9853515625,-1.5634765625,-0.9228515625,-5.484375
392,A,C,-1.69140625,-1.26953125,-1.05078125,-3.89453125
393,A,C,-1.9423828125,-1.5361328125,-0.45751953125,-5.84765625
394,B,C,-2.400390625,-2.384765625,-0.744140625,-1.447265625
395,A,C,-2.333984375,-3.333984375,-0.1463623046875,-6.39453125
396,A,C,-1.6591796875,-1.4560546875,-0.7060546875,-4.01953125
397,C,C,-1.62890625,-1.50390625,-0.58251953125,-5.72265625
398,D,B,-1.158203125,-0.93994140625,-1.486328125,-4.95703125
399,B,B,-1.4541015625,-0.8447265625,-1.1259765625,-5.328125
400,C,C,-1.2890625,-1.1796875,-1.0078125,-5.0390625
401,C,B,-2.15625,-0.5458984375,-1.2021484375,-6.859375
402,B,C,-1.736328125,-1.236328125,-1.142578125,-1.736328125
403,B,B,-1.7509765625,-0.92236328125,-0.93798828125,-4.875
404,A,C,-0.92431640625,-2.392578125,-0.73681640625,-6.27734375
405,B,A,-0.38720703125,-1.6376953125,-2.74609375,-5.76171875
406,D,B,-1.8974609375,-0.8037109375,-1.0068359375,-3.5546875
407,B,B,-1.84765625,-0.2222900390625,-5.34765625,-7.97265625
408,A,C,-1.724609375,-1.271484375,-0.69384765625,-5.0859375
409,A,C,-1.7099609375,-1.4912109375,-0.63232421875,-3.2109375
410,D,B,-3.0859375,-0.5849609375,-1.6474609375,-3.9140625
411,D,C,-1.6806640625,-2.087890625,-0.430908203125,-3.884765625
412,C,C,-1.7607421875,-1.6826171875,-0.47900390625,-4.54296875
413,C,C,-1.9169921875,-0.99462890625,-0.82275390625,-3.228515625
414,C,C,-1.86328125,-2.17578125,-0.40966796875,-3.72265625
415,D,B,-1.287109375,-0.880859375,-1.255859375,-3.943359375
416,B,C,-1.3935546875,-1.9091796875,-0.5966796875,-4.55078125
417,C,A,-0.81298828125,-2.125,-0.87548828125,-6.15625
418,D,C,-1.6396484375,-1.1708984375,-0.78076171875,-5.0
419,D,B,-0.99267578125,-0.94580078125,-1.9150390625,-2.7109375
420,A,B,-0.7998046875,-0.7060546875,-3.361328125,-6.72265625
421,A,B,-2.205078125,-0.564453125,-1.376953125,-3.205078125
422,D,C,-1.736328125,-2.158203125,-0.92431640625,-1.189453125
423,B,B,-1.1748046875,-0.72119140625,-1.6123046875,-5.80078125
424,A,C,-0.8251953125,-2.85546875,-0.7001953125,-5.83984375
425,D,A,-0.59033203125,-2.01171875,-1.23046875,-6.29296875
426,C,C,-1.4736328125,-1.4580078125,-0.6611328125,-5.23828125
427,C,C,-1.064453125,-1.423828125,-0.939453125,-7.69140625
428,C,B,-1.9482421875,-0.76123046875,-1.1357421875,-4.40234375
429,C,C,-2.03515625,-1.50390625,-0.75439453125,-6.97265625
430,A,A,-0.841796875,-2.138671875,-0.841796875,-4.140625
431,C,C,-1.5615234375,-1.8896484375,-0.62353515625,-2.294921875
432,B,B,-1.2958984375,-0.9677734375,-2.685546875,-4.203125
433,C,C,-1.10546875,-1.69921875,-0.80859375,-5.98046875
434,C,C,-2.47265625,-1.03515625,-0.84814453125,-2.95703125
435,B,B,-1.40625,-0.890625,-1.109375,-5.015625
436,D,C,-1.9677734375,-1.1865234375,-0.6396484375,-4.203125
437,A,B,-1.4091796875,-0.90869140625,-1.0654296875,-6.37890625
438,C,A,-0.465087890625,-3.69921875,-1.07421875,-7.38671875
439,D,B,-1.6982421875,-0.8076171875,-1.2294921875,-4.12109375
440,B,C,-1.9072265625,-1.1416015625,-1.0166015625,-2.078125
441,C,C,-1.9814453125,-2.013671875,-0.5595703125,-2.029296875
442,C,C,-1.70703125,-1.25390625,-0.84765625,-3.69140625
443,D,A,-0.8740234375,-1.0146484375,-1.9677734375,-4.3125
444,B,B,-1.1396484375,-0.7646484375,-1.6708984375,-4.625
445,B,A,-0.79931640625,-2.298828125,-0.86181640625,-5.58203125
446,C,C,-1.228515625,-1.634765625,-1.025390625,-4.38671875
447,A,C,-1.5556640625,-1.0556640625,-0.89892578125,-3.8359375
448,C,B,-1.259765625,-0.712890625,-1.556640625,-6.58984375
449,B,C,-1.2216796875,-2.392578125,-0.51806640625,-6.00390625
450,B,C,-2.203125,-3.125,-0.18701171875,-5.75
451,C,A,-0.85888671875,-1.0625,-1.5,-5.890625
452,B,C,-1.5908203125,-2.60546875,-0.340576171875,-5.65234375
453,C,C,-1.6611328125,-2.990234375,-0.28662109375,-5.92578125
454,A,B,-1.2275390625,-0.55517578125,-2.1171875,-6.0546875
455,A,B,-1.361328125,-0.92333984375,-1.158203125,-3.720703125
456,B,A,-1.064453125,-1.173828125,-1.236328125,-3.205078125
457,D,C,-0.8828125,-2.3828125,-0.7265625,-5.2734375
458,A,A,-0.6767578125,-1.4423828125,-1.4892578125,-4.92578125
459,B,A,-0.50439453125,-2.81640625,-1.12890625,-5.95703125
460,B,A,-0.5185546875,-2.626953125,-1.2060546875,-5.62890625
461,C,C,-1.2587890625,-1.5244140625,-0.7275390625,-5.5859375
462,B,B,-1.7333984375,-0.2802734375,-2.96875,-4.265625
463,C,B,-2.150390625,-0.447021484375,-1.462890625,-5.7109375
464,C,C,-1.443359375,-1.630859375,-0.61572265625,-5.2421875
465,C,C,-1.1171875,-2.6328125,-0.5546875,-4.4921875
466,C,A,-0.402587890625,-1.94921875,-2.23046875,-6.20703125
467,A,A,-1.0703125,-1.6796875,-1.3671875,-4.8203125
468,A,A,-0.935546875,-1.013671875,-1.529296875,-4.41796875
469,D,A,-0.4833984375,-3.109375,-1.1083984375,-5.109375
470,A,B,-1.13671875,-1.01171875,-1.27734375,-5.26171875
471,C,C,-1.9140625,-2.0546875,-0.44580078125,-2.8671875
472,B,C,-1.560546875,-1.951171875,-0.45166015625,-5.640625
473,C,C,-1.2705078125,-1.4736328125,-0.80224609375,-4.50390625
474,A,C,-0.88134765625,-2.005859375,-0.86572265625,-3.958984375
475,D,B,-1.400390625,-0.66552734375,-1.509765625,-4.7734375
476,B,B,-1.267578125,-0.58056640625,-1.923828125,-7.14453125
477,D,A,-0.86669921875,-2.0703125,-1.0380859375,-2.4296875
478,A,C,-1.61328125,-4.55078125,-0.238037109375,-7.78515625
479,C,C,-1.970703125,-1.564453125,-0.439697265625,-6.55078125
480,D,B,-1.9599609375,-0.86572265625,-0.89697265625,-3.583984375
481,B,B,-2.13671875,-0.48046875,-1.35546875,-5.77734375
482,D,C,-1.6201171875,-0.9794921875,-0.8857421875,-4.48046875
483,D,B,-1.29296875,-0.496337890625,-2.18359375,-7.71484375
484,C,C,-1.3232421875,-1.7919921875,-0.6826171875,-3.18359375
485,A,B,-1.2685546875,-1.1123046875,-1.1904296875,-5.80078125
486,C,C,-1.208984375,-1.724609375,-0.771484375,-3.818359375
487,C,C,-1.337890625,-1.681640625,-0.63525390625,-5.23046875
488,D,C,-1.6279296875,-2.01953125,-0.440673828125,-4.50390625
489,A,C,-2.19921875,-2.88671875,-0.23046875,-4.83984375
490,B,C,-2.08203125,-0.95703125,-0.78515625,-3.86328125
491,A,A,-1.05859375,-1.16796875,-1.15234375,-4.01171875
492,B,B,-1.48046875,-0.51220703125,-1.79296875,-6.27734375
493,C,C,-1.3349609375,-1.8193359375,-0.61669921875,-5.1015625
494,C,C,-1.7119140625,-1.7275390625,-0.47802734375,-5.5390625
495,B,C,-1.8330078125,-1.6611328125,-0.5205078125,-4.91015625
496,C,B,-2.962890625,-0.47802734375,-1.1650390625,-4.7578125
497,B,B,-2.03515625,-0.78466796875,-0.94091796875,-4.62890625
498,C,C,-1.77734375,-1.46484375,-0.69970703125,-2.58984375
499,B,B,-1.9228515625,-0.6728515625,-1.6416015625,-2.970703125
500,D,C,-1.7685546875,-1.1279296875,-0.75341796875,-4.89453125
501,B,A,-1.005859375,-1.287109375,-1.130859375,-5.1015625
502,A,C,-1.0078125,-2.2578125,-0.7421875,-4.3984375
503,B,C,-1.5078125,-1.4765625,-1.3046875,-1.3359375
504,C,C,-2.744140625,-1.369140625,-0.416015625,-5.16796875
505,C,C,-1.8564453125,-3.154296875,-0.2474365234375,-4.02734375
506,D,C,-2.08203125,-2.05078125,-0.5361328125,-3.47265625
507,A,C,-1.9609375,-2.3828125,-0.39892578125,-4.4765625
508,C,C,-1.6396484375,-1.9208984375,-0.4365234375,-6.453125
509,B,C,-1.3251953125,-1.5908203125,-0.71533203125,-4.58984375
510,A,C,-1.2822265625,-2.109375,-0.57861328125,-4.453125
511,B,C,-2.3671875,-1.1494140625,-0.6650390625,-3.9453125
512,D,A,-0.85888671875,-0.95263671875,-1.8115234375,-5.109375
513,B,C,-1.6728515625,-1.1416015625,-0.8134765625,-4.15625
514,B,B,-1.3173828125,-0.69189453125,-1.6923828125,-3.34765625
515,A,C,-1.884765625,-1.759765625,-0.43115234375,-3.931640625
516,A,A,-0.9248046875,-1.3466796875,-1.0966796875,-5.66015625
517,C,B,-1.5283203125,-0.6533203125,-1.5283203125,-4.48046875
518,A,B,-1.095703125,-0.57958984375,-2.423828125,-6.390625
519,D,C,-1.18359375,-1.40234375,-0.85546875,-4.02734375
520,A,B,-3.03125,-0.78076171875,-1.0458984375,-2.546875
521,D,B,-2.05078125,-0.8798828125,-1.0986328125,-2.94140625
522,C,B,-2.380859375,-0.8974609375,-1.0068359375,-2.162109375
523,A,C,-1.5361328125,-1.3642578125,-0.6767578125,-4.53515625
524,B,A,-0.701171875,-1.435546875,-1.466796875,-4.5
525,C,B,-2.017578125,-0.8466796875,-1.2373046875,-2.314453125
526,A,B,-1.6962890625,-0.7744140625,-1.2744140625,-3.3359375
527,C,B,-1.8896484375,-0.7958984375,-1.0302734375,-3.53125
528,C,A,-0.84375,-1.5625,-1.09375,-4.203125
529,A,C,-1.2216796875,-1.5498046875,-0.9404296875,-2.48828125
530,A,C,-1.7158203125,-1.6533203125,-0.54345703125,-3.71484375
531,D,C,-1.7646484375,-1.3271484375,-0.59228515625,-5.859375
532,B,B,-1.6171875,-0.398193359375,-2.1796875,-4.9609375
533,D,C,-1.1630859375,-1.5224609375,-0.7724609375,-5.9296875
534,A,B,-1.53515625,-0.84814453125,-1.12890625,-4.39453125
535,A,B,-1.72265625,-0.72314453125,-1.58203125,-2.34765625
536,A,B,-1.232421875,-0.79443359375,-1.373046875,-8.421875
537,A,A,-0.458251953125,-2.630859375,-1.2548828125,-5.08203125
538,D,C,-1.8642578125,-1.2548828125,-0.6923828125,-3.099609375
539,A,B,-2.52734375,-0.37060546875,-1.76171875,-3.41796875
540,B,B,-1.5634765625,-0.5009765625,-1.8291015625,-5.421875
541,B,B,-1.4189453125,-0.40380859375,-2.591796875,-5.46484375
542,C,C,-1.7060546875,-1.0341796875,-0.83154296875,-6.84765625
543,A,B,-1.3134765625,-0.5322265625,-2.111328125,-6.46875
544,C,C,-1.2197265625,-1.6416015625,-0.72021484375,-5.40625
545,B,A,-1.0546875,-1.1796875,-1.4296875,-2.5390625
546,D,C,-1.8271484375,-1.3115234375,-0.7646484375,-3.154296875
547,A,C,-1.0986328125,-1.4423828125,-0.91162109375,-4.95703125
548,D,B,-1.4375,-0.53125,-2.0625,-3.515625
549,D,B,-1.0810546875,-0.9716796875,-1.5498046875,-3.142578125
550,C,B,-1.599609375,-0.85009765625,-1.068359375,-4.9296875
551,C,B,-1.5283203125,-0.7783203125,-1.2158203125,-3.841796875
552,D,B,-1.0615234375,-0.59326171875,-3.109375,-3.21875
553,A,B,-1.9658203125,-0.93408203125,-0.94970703125,-4.79296875
554,A,B,-1.9287109375,-0.366455078125,-2.2890625,-3.2421875
555,D,D,-1.4775390625,-1.2431640625,-3.4921875,-0.8056640625
556,B,C,-1.58203125,-1.05078125,-0.94140625,-3.09765625
557,B,B,-1.53125,-0.796875,-2.171875,-1.5625
558,B,B,-2.162109375,-0.36572265625,-1.8662109375,-4.5234375
559,A,B,-1.3203125,-0.64794921875,-1.6640625,-4.6328125
560,A,C,-1.4638671875,-1.9794921875,-0.54150390625,-5.96484375
561,D,C,-2.001953125,-1.189453125,-0.67333984375,-4.15625
562,A,B,-1.4638671875,-0.401611328125,-2.80859375,-7.12109375
563,D,B,-2.626953125,-0.72119140625,-1.3935546875,-3.720703125
564,D,C,-2.162109375,-2.677734375,-0.4287109375,-6.0546875
565,B,B,-1.30078125,-0.78515625,-1.59765625,-3.91015625
566,A,A,-0.67724609375,-2.427734375,-1.021484375,-5.83203125
567,B,B,-1.388671875,-0.794921875,-1.419921875,-5.65625
568,D,B,-1.8916015625,-0.469482421875,-2.921875,-1.8291015625
569,A,B,-1.259765625,-0.68115234375,-1.666015625,-6.2734375
570,A,B,-1.47265625,-0.48828125,-2.14453125,-5.06640625
571,C,C,-1.958984375,-1.052734375,-0.70849609375,-4.94140625
572,D,B,-2.7890625,-0.6162109375,-0.9912109375,-4.2890625
573,C,B,-1.623046875,-0.748046875,-1.232421875,-5.078125
574,D,B,-1.388671875,-0.763671875,-1.388671875,-5.125
575,B,C,-2.16015625,-1.00390625,-0.72265625,-4.23828125
576,D,C,-1.9755859375,-2.005859375,-0.5693359375,-1.9130859375
577,D,A,-0.72607421875,-1.6484375,-1.3203125,-3.1015625
578,B,B,-1.9306640625,-0.6962890625,-1.0712890625,-5.5234375
579,C,A,-0.6865234375,-2.921875,-0.8427734375,-5.703125
580,A,B,-1.5869140625,-0.33740234375,-2.728515625,-5.6015625
581,D,C,-1.556640625,-1.275390625,-1.087890625,-1.806640625
582,C,B,-1.1962890625,-0.8837890625,-1.3212890625,-4.3515625
583,A,A,-0.8310546875,-1.0654296875,-1.6123046875,-5.28515625
584,D,B,-0.98681640625,-0.76806640625,-2.423828125,-3.001953125
585,A,B,-1.16796875,-0.71435546875,-1.79296875,-5.12109375
586,A,B,-1.8076171875,-0.72998046875,-1.1357421875,-4.08984375
587,D,A,-1.0693359375,-1.4443359375,-1.0849609375,-2.6171875
588,D,D,-1.82421875,-2.05859375,-1.12109375,-0.98095703125
589,D,B,-2.59765625,-0.1910400390625,-2.39453125,-6.14453125
590,A,B,-1.3916015625,-1.0166015625,-2.25,-1.4072265625
591,B,B,-1.09375,-0.65576171875,-2.09375,-4.84375
592,D,B,-2.1484375,-0.3056640625,-2.5234375,-2.9765625
593,C,B,-2.365234375,-0.39697265625,-1.787109375,-3.740234375
594,A,C,-1.3671875,-1.3359375,-0.74169921875,-6.9140625
595,B,B,-1.701171875,-0.560546875,-1.419921875,-7.734375
596,A,B,-1.5419921875,-0.4951171875,-1.7607421875,-7.37109375
597,C,A,-0.38525390625,-2.462890625,-1.462890625,-7.35546875
598,B,B,-1.29296875,-0.63720703125,-1.79296875,-3.82421875
599,C,C,-0.953125,-2.890625,-0.84375,-2.0625
600,D,D,-2.51171875,-1.63671875,-1.77734375,-0.60546875
601,D,A,-0.5625,-1.46875,-1.6875,-4.765625
602,A,A,-0.73046875,-1.10546875,-1.71484375,-6.16796875
603,B,C,-1.310546875,-1.607421875,-0.763671875,-2.841796875
604,C,C,-1.3916015625,-4.125,-0.32958984375,-7.578125
605,C,C,-1.2373046875,-1.3935546875,-0.7998046875,-4.97265625
606,C,B,-2.115234375,-0.8955078125,-1.1142578125,-2.396484375
607,B,A,-0.84033203125,-0.85595703125,-1.9658203125,-7.37109375
608,C,C,-2.119140625,-2.744140625,-0.2137451171875,-5.51171875
609,B,C,-2.150390625,-1.6962890625,-0.446533203125,-4.8984375
610,B,B,-1.7802734375,-0.6396484375,-1.7958984375,-4.015625
611,D,B,-2.451171875,-0.57666015625,-1.169921875,-3.357421875
612,D,C,-1.3447265625,-1.6416015625,-1.1572265625,-1.7197265625
613,A,B,-1.470703125,-0.79931640625,-1.158203125,-6.33203125
614,C,C,-1.37890625,-1.26953125,-0.86328125,-3.19140625
615,B,B,-1.1064453125,-1.0595703125,-1.2001953125,-4.12109375
616,A,B,-1.767578125,-1.001953125,-1.080078125,-2.236328125
617,C,C,-2.283203125,-3.658203125,-0.1427001953125,-7.45703125
618,C,C,-1.8212890625,-1.0087890625,-0.77392578125,-5.2109375
619,A,C,-1.5693359375,-1.1474609375,-0.80419921875,-4.4140625
620,B,B,-1.1328125,-0.67919921875,-1.7890625,-6.7890625
621,A,A,-0.92724609375,-1.4423828125,-1.0361328125,-4.91015625
622,C,C,-2.404296875,-1.935546875,-0.279052734375,-5.90234375
623,D,B,-2.033203125,-0.67431640625,-1.111328125,-4.16015625
624,B,B,-1.9970703125,-0.7314453125,-0.9970703125,-4.65234375
625,D,C,-1.3427734375,-2.326171875,-0.48291015625,-4.0625
626,C,C,-1.3232421875,-1.3076171875,-0.7919921875,-5.16796875
627,C,A,-0.837890625,-2.041015625,-0.853515625,-6.3984375
628,B,B,-2.37109375,-0.2303466796875,-2.24609375,-5.54296875
629,A,C,-1.490234375,-1.255859375,-0.849609375,-3.068359375
630,B,B,-2.583984375,-0.1302490234375,-3.787109375,-4.81640625
631,C,C,-2.330078125,-1.1728515625,-0.53271484375,-7.375
632,A,C,-1.5107421875,-1.4638671875,-0.71435546875,-4.41796875
633,B,B,-2.19140625,-0.5966796875,-1.2685546875,-3.01953125
634,B,B,-2.509765625,-0.150390625,-3.103515625,-6.27734375
635,C,B,-1.8515625,-0.61767578125,-1.2578125,-4.7734375
636,D,D,-1.7666015625,-2.875,-1.9072265625,-0.48486328125
637,B,C,-2.076171875,-1.4501953125,-0.85693359375,-1.6376953125
638,C,C,-1.703125,-2.4375,-0.32861328125,-7.75
639,D,C,-1.837890625,-1.697265625,-0.666015625,-1.978515625
640,C,B,-1.0517578125,-1.0048828125,-1.3486328125,-3.990234375
641,A,C,-1.9931640625,-1.8056640625,-0.66552734375,-1.7431640625
642,B,B,-2.353515625,-0.52587890625,-1.259765625,-3.931640625
643,A,C,-1.7890625,-1.5546875,-0.66357421875,-2.3984375
644,D,C,-1.2685546875,-1.3935546875,-0.80029296875,-4.28515625
645,C,C,-1.98046875,-1.24609375,-0.60546875,-3.83984375
646,B,B,-1.8359375,-0.476806640625,-1.6171875,-4.4921875
647,A,C,-2.130859375,-0.91259765625,-0.83447265625,-3.802734375
648,C,C,-2.244140625,-5.6640625,-0.118896484375,-8.4140625
649,A,C,-1.6728515625,-2.078125,-0.485107421875,-3.984375
650,C,C,-1.6162109375,-4.7109375,-0.428466796875,-5.3203125
651,B,B,-2.162109375,-0.17822265625,-3.162109375,-5.7421875
652,B,B,-2.201171875,-0.357177734375,-1.748046875,-5.21484375
653,B,C,-0.99951171875,-1.3740234375,-0.98388671875,-5.9375
654,B,C,-1.5908203125,-1.2783203125,-0.7314453125,-3.68359375
655,C,C,-2.837890625,-0.82275390625,-0.72900390625,-4.08984375
656,A,C,-1.046875,-1.40625,-0.95361328125,-4.328125
657,D,D,-1.5029296875,-2.47265625,-1.5966796875,-0.7216796875
658,B,B,-3.90234375,-0.04296875,-3.91796875,-9.578125
659,D,C,-1.79296875,-1.98046875,-0.449462890625,-2.94921875
660,D,C,-1.7998046875,-1.9091796875,-0.45654296875,-3.05078125
661,D,B,-1.38671875,-0.73046875,-1.40234375,-6.16796875
662,C,C,-2.1640625,-1.3671875,-0.74267578125,-1.9765625
663,D,C,-1.8447265625,-3.033203125,-0.376220703125,-2.251953125
664,A,B,-1.673828125,-0.751953125,-1.283203125,-3.064453125
665,A,C,-1.2607421875,-1.3076171875,-0.8388671875,-5.16796875
666,B,B,-1.9658203125,-0.54345703125,-1.3251953125,-5.77734375
667,B,B,-1.4453125,-0.7265625,-1.3203125,-6.7578125
668,C,A,-0.25146484375,-3.423828125,-1.7197265625,-5.0625
669,A,A,-0.57568359375,-1.935546875,-1.279296875,-5.35546875
670,B,B,-1.4912109375,-0.75634765625,-1.3193359375,-3.537109375
671,C,A,-0.9189453125,-0.9189453125,-1.6376953125,-6.41796875
672,C,C,-1.4482421875,-1.1669921875,-0.93310546875,-2.91796875
673,B,C,-1.68359375,-1.16796875,-0.72998046875,-4.57421875
674,C,B,-1.490234375,-0.66162109375,-1.458984375,-6.50390625
675,D,B,-1.4970703125,-1.0126953125,-1.0439453125,-2.919921875
676,B,B,-1.3125,-0.499755859375,-2.1875,-5.34375
677,D,C,-2.001953125,-1.1572265625,-0.7822265625,-2.517578125
678,A,C,-1.4130859375,-1.3662109375,-0.7255859375,-4.4609375
679,D,C,-2.076171875,-0.888671875,-0.810546875,-4.43359375
680,A,C,-1.076171875,-2.060546875,-0.701171875,-5.93359375
681,A,C,-1.083984375,-1.615234375,-0.880859375,-5.3828125
682,C,C,-1.2109375,-2.3203125,-0.5546875,-6.1484375
683,B,B,-1.671875,-0.422119140625,-1.921875,-5.671875
684,C,C,-1.970703125,-1.517578125,-0.73681640625,-1.876953125
685,D,C,-2.248046875,-2.216796875,-0.3740234375,-2.388671875
686,A,C,-1.5615234375,-1.3740234375,-0.81103515625,-2.576171875
687,C,C,-2.2421875,-1.0869140625,-0.6494140625,-3.7578125
688,B,B,-2.041015625,-0.35302734375,-2.025390625,-3.494140625
689,C,C,-1.9453125,-0.97607421875,-0.77294921875,-5.1953125
690,C,C,-1.7236328125,-1.1142578125,-0.7861328125,-3.583984375
691,C,C,-1.8232421875,-1.5263671875,-0.5732421875,-3.619140625
692,B,C,-1.611328125,-1.267578125,-0.84521484375,-2.939453125
693,D,A,-1.119140625,-1.134765625,-1.119140625,-4.0078125
694,D,C,-2.16796875,-1.24609375,-0.80859375,-1.93359375
695,C,C,-1.3466796875,-1.1748046875,-0.89404296875,-4.28515625
696,C,B,-1.4775390625,-0.9306640625,-1.0244140625,-6.6796875
697,C,C,-1.6220703125,-1.2001953125,-0.71533203125,-4.85546875
698,D,A,-0.68994140625,-1.876953125,-1.111328125,-4.51953125
699,B,B,-1.3818359375,-0.9599609375,-1.0380859375,-5.1796875
700,B,B,-1.4638671875,-0.401123046875,-2.494140625,-4.38671875
701,C,C,-1.24609375,-1.19921875,-1.05859375,-2.90234375
702,D,C,-1.869140625,-1.587890625,-0.51025390625,-4.40234375
703,A,C,-1.90625,-0.90625,-0.890625,-3.75
704,A,C,-1.6201171875,-2.08984375,-0.57373046875,-2.26171875
705,B,C,-2.91796875,-1.3076171875,-0.401611328125,-7.60546875
706,B,B,-4.99609375,-0.029052734375,-3.998046875,-9.9375
707,D,D,-1.958984375,-2.943359375,-1.365234375,-0.63037109375
708,B,C,-1.314453125,-1.251953125,-0.908203125,-3.392578125
709,B,B,-1.4052734375,-0.6708984375,-1.4833984375,-4.375
710,C,B,-1.904296875,-0.560546875,-1.326171875,-5.55859375
711,C,C,-1.5810546875,-0.97119140625,-0.93994140625,-4.31640625
712,B,B,-2.080078125,-0.6279296875,-1.1435546875,-4.69140625
713,B,B,-1.224609375,-1.037109375,-1.427734375,-2.365234375
714,B,C,-1.95703125,-0.95703125,-0.84765625,-3.92578125
715,A,C,-1.21875,-1.296875,-0.85986328125,-5.96875
716,C,B,-1.5966796875,-0.5185546875,-1.7685546875,-3.95703125
717,C,B,-2.115234375,-0.55224609375,-1.4423828125,-3.193359375
718,D,A,-0.716796875,-1.951171875,-1.169921875,-2.904296875
719,C,C,-1.185546875,-1.373046875,-0.841796875,-5.890625
720,B,B,-1.857421875,-0.654296875,-1.201171875,-4.296875
721,C,C,-2.021484375,-1.412109375,-0.67724609375,-2.490234375
722,D,B,-2.8984375,-0.7265625,-0.9453125,-2.6953125
723,B,B,-1.77734375,-0.37060546875,-1.99609375,-6.32421875
724,C,C,-1.466796875,-1.185546875,-0.79443359375,-5.27734375
725,A,C,-0.9873046875,-1.6904296875,-0.8623046875,-5.11328125
726,B,B,-1.509765625,-0.791015625,-1.306640625,-3.322265625
727,C,B,-1.4453125,-0.9296875,-1.0390625,-5.1015625
728,B,A,-0.7265625,-1.8671875,-1.0390625,-5.1640625
729,A,C,-1.8720703125,-1.7626953125,-0.93505859375,-1.2939453125
730,C,C,-1.748046875,-3.638671875,-0.232666015625,-7.8125
731,B,B,-1.1748046875,-0.94091796875,-1.2373046875,-4.92578125
732,B,B,-2.263671875,-0.24755859375,-2.185546875,-6.85546875
733,A,A,-1.0439453125,-1.1220703125,-1.1533203125,-7.01171875
734,B,B,-2.28125,-0.484619140625,-1.515625,-2.828125
735,C,C,-1.2587890625,-2.244140625,-0.50927734375,-5.6796875
736,C,C,-2.26953125,-3.03515625,-0.19189453125,-4.37890625
737,C,C,-1.8203125,-1.7890625,-0.44482421875,-4.8359375
738,C,C,-2.0703125,-1.6484375,-0.7265625,-1.7109375
739,B,B,-2.7265625,-0.163818359375,-2.5703125,-7.8671875
740,A,A,-1.02734375,-1.60546875,-1.32421875,-1.77734375
741,A,C,-1.3115234375,-1.8271484375,-0.59326171875,-5.53125
742,B,B,-1.3447265625,-1.0166015625,-1.0166015625,-5.125
743,A,B,-1.1611328125,-0.9111328125,-1.3330078125,-4.09765625
744,D,A,-0.95947265625,-1.208984375,-1.568359375,-2.396484375
745,A,A,-0.88671875,-1.66796875,-0.96484375,-4.87109375
746,D,C,-1.0576171875,-1.5576171875,-1.0419921875,-2.74609375
747,C,B,-2.037109375,-0.849609375,-0.849609375,-4.9765625
748,A,C,-1.931640625,-1.916015625,-0.41650390625,-3.337890625
749,C,C,-1.6259765625,-1.0322265625,-0.8916015625,-3.814453125
750,B,B,-2.00390625,-0.31640625,-2.16015625,-5.00390625
751,A,A,-0.360595703125,-2.392578125,-1.6103515625,-5.28125
752,D,C,-1.2236328125,-1.2236328125,-1.0361328125,-2.990234375
753,D,C,-1.453125,-1.609375,-0.73486328125,-2.484375
754,B,C,-1.7392578125,-1.5673828125,-0.55126953125,-3.42578125
755,B,B,-1.4892578125,-0.67626953125,-1.3955078125,-4.53515625
756,B,B,-1.4326171875,-0.54150390625,-1.9482421875,-3.666015625
757,C,C,-2.349609375,-3.349609375,-0.1474609375,-6.8046875
758,B,B,-1.8017578125,-0.348876953125,-2.083984375,-6.64453125
759,C,B,-1.609375,-0.78076171875,-1.125,-6.109375
760,C,B,-2.375,-0.297119140625,-1.9375,-4.03125
761,B,B,-3.65625,-0.047088623046875,-4.078125,-8.125
762,A,B,-1.4228515625,-0.78271484375,-1.3759765625,-5.28125
763,D,A,-0.9365234375,-0.9677734375,-1.7646484375,-4.265625
764,A,A,-0.11651611328125,-2.8046875,-3.3046875,-7.3984375
765,A,C,-1.3701171875,-1.1669921875,-0.9169921875,-5.24609375
766,D,C,-1.46484375,-1.29296875,-0.76220703125,-5.08984375
767,B,B,-1.5205078125,-0.88037109375,-1.0986328125,-4.20703125
768,D,C,-1.171875,-1.140625,-1.0625,-4.5
769,A,B,-1.234375,-0.59326171875,-1.90625,-6.046875
770,C,C,-1.2021484375,-2.125,-0.5615234375,-5.59375
771,C,B,-1.40234375,-0.94921875,-1.02734375,-5.74609375
772,C,C,-1.283203125,-1.220703125,-0.892578125,-4.42578125
773,C,A,-0.8037109375,-1.4912109375,-1.1787109375,-5.6171875
774,B,B,-2.060546875,-0.1690673828125,-5.65234375,-7.83984375
775,B,B,-2.3515625,-0.41455078125,-2.0234375,-5.6328125
776,D,B,-1.5927734375,-0.42041015625,-2.107421875,-4.75
777,A,A,-0.87548828125,-1.4697265625,-1.1103515625,-5.0
778,B,B,-1.5615234375,-0.311279296875,-4.09375,-4.8125
779,C,B,-1.4765625,-0.86767578125,-1.0703125,-7.6796875
780,B,B,-2.0390625,-0.2413330078125,-2.8671875,-5.4140625
781,A,B,-1.6630859375,-0.58447265625,-1.5380859375,-4.0703125
782,A,A,-0.9697265625,-3.171875,-1.2666015625,-1.2509765625
783,D,B,-1.1923828125,-0.4267578125,-3.333984375,-5.55078125
784,C,A,-0.64501953125,-1.6455078125,-1.3173828125,-7.48828125
785,A,B,-1.154296875,-0.560546875,-2.373046875,-5.08984375
786,C,A,-0.76318359375,-2.107421875,-0.90380859375,-6.19921875
787,C,C,-2.10546875,-1.0283203125,-0.7158203125,-4.48046875
788,C,B,-1.4072265625,-0.9228515625,-1.0478515625,-6.40625
789,D,B,-1.916015625,-0.337890625,-3.666015625,-5.3671875
790,D,A,-0.42041015625,-1.2021484375,-3.529296875,-5.875
791,C,A,-0.537109375,-1.177734375,-2.396484375,-5.0546875
792,B,B,-1.0546875,-0.8984375,-1.4453125,-5.6640625
793,D,B,-1.234375,-0.374755859375,-4.453125,-6.78125
794,A,C,-2.490234375,-1.7236328125,-0.411376953125,-4.22265625
795,D,C,-1.111328125,-2.580078125,-0.642578125,-2.845703125
796,A,B,-1.6806640625,-0.4306640625,-2.0390625,-5.1640625
797,A,C,-0.81298828125,-2.59375,-0.76611328125,-5.6875
798,D,B,-1.6572265625,-0.8916015625,-0.9853515625,-5.078125
799,C,C,-1.48828125,-3.59765625,-0.30078125,-7.16015625
800,D,C,-1.5087890625,-1.3994140625,-0.7744140625,-3.2578125
801,C,C,-1.0341796875,-2.03515625,-0.7685546875,-5.17578125
802,B,B,-2.046875,-0.5009765625,-1.5009765625,-3.84375
803,B,B,-1.3359375,-0.9921875,-1.0703125,-5.1484375
804,B,B,-1.484375,-0.98388671875,-1.0625,-3.125
805,A,C,-2.548828125,-1.642578125,-0.37744140625,-4.25390625
806,D,C,-1.732421875,-1.419921875,-0.76318359375,-2.248046875
807,C,B,-2.486328125,-0.424560546875,-1.3623046875,-6.00390625
808,A,B,-1.322265625,-1.056640625,-1.087890625,-3.916015625
809,D,A,-0.81640625,-0.97265625,-1.91015625,-4.55078125
810,A,C,-1.2822265625,-1.4853515625,-0.8291015625,-2.939453125
811,B,C,-1.5361328125,-2.01953125,-0.52001953125,-3.83203125
812,D,B,-1.580078125,-0.454833984375,-2.111328125,-3.580078125
813,D,C,-1.759765625,-2.447265625,-0.338134765625,-3.759765625
814,B,B,-1.568359375,-0.86572265625,-1.021484375,-5.9296875
815,B,B,-1.734375,-1.09375,-1.09375,-2.078125
816,B,B,-2.7734375,-0.6171875,-1.4921875,-1.8203125
817,C,C,-2.654296875,-3.513671875,-0.1234130859375,-5.53125
818,C,B,-1.771484375,-0.490234375,-1.583984375,-5.9296875
819,D,C,-1.259765625,-1.291015625,-1.072265625,-2.353515625
820,B,C,-2.03125,-2.296875,-0.7490234375,-1.2490234375
821,D,D,-2.134765625,-1.072265625,-1.728515625,-1.041015625
822,A,B,-1.9267578125,-0.64599609375,-1.2548828125,-5.25390625
823,B,B,-2.13671875,-0.60595703125,-1.23046875,-3.33984375
824,C,C,-1.0166015625,-1.5791015625,-0.85986328125,-5.4375
825,B,B,-2.990234375,-0.6630859375,-0.8505859375,-7.6484375
826,C,C,-1.88671875,-4.69921875,-0.18359375,-6.74609375
827,B,B,-1.9619140625,-0.399658203125,-1.6806640625,-7.3203125
828,B,B,-1.306640625,-1.009765625,-1.025390625,-7.07421875
829,B,B,-1.509765625,-0.83740234375,-1.541015625,-2.228515625
830,C,C,-2.236328125,-5.31640625,-0.1270751953125,-7.66015625
831,D,C,-1.341796875,-1.107421875,-1.044921875,-3.044921875
832,C,C,-1.3974609375,-1.5693359375,-0.64697265625,-5.2578125
833,A,C,-1.6689453125,-1.7001953125,-0.77880859375,-1.8564453125
834,A,C,-1.05078125,-2.28515625,-0.66064453125,-4.16015625
835,B,B,-1.7705078125,-0.28662109375,-2.630859375,-7.70703125
836,B,C,-1.2177734375,-1.1396484375,-1.0146484375,-4.796875
837,C,C,-1.458984375,-1.990234375,-0.50634765625,-4.2578125
838,C,C,-2.412109375,-3.365234375,-0.1456298828125,-5.97265625
839,B,B,-1.791015625,-0.306640625,-2.384765625,-6.38671875
840,A,A,-0.85791015625,-0.93603515625,-1.7958984375,-5.46875
841,A,B,-1.01171875,-0.83935546875,-1.68359375,-4.55859375
842,B,B,-2.556640625,-0.1812744140625,-2.494140625,-7.1015625
843,C,C,-1.1806640625,-1.8056640625,-0.6650390625,-6.9921875
844,C,C,-1.2685546875,-2.69140625,-0.440673828125,-6.06640625
845,C,B,-1.615234375,-0.53759765625,-1.615234375,-4.2890625
846,A,B,-1.783203125,-0.67431640625,-1.220703125,-3.986328125
847,C,B,-1.8427734375,-0.7646484375,-0.9990234375,-5.53125
848,A,B,-1.40234375,-0.88720703125,-1.10546875,-5.19921875
849,A,B,-1.689453125,-0.34521484375,-2.330078125,-6.390625
850,C,C,-1.873046875,-1.919921875,-0.74755859375,-1.513671875
851,C,C,-2.587890625,-5.40234375,-0.08807373046875,-8.0390625
852,D,C,-1.5263671875,-1.1669921875,-0.9951171875,-2.38671875
853,B,B,-3.677734375,-0.1785888671875,-2.021484375,-8.2265625
854,B,C,-2.009765625,-1.150390625,-0.61865234375,-4.9296875
855,B,B,-0.80029296875,-0.76904296875,-2.53515625,-8.046875
856,B,B,-1.7333984375,-0.2020263671875,-5.609375,-9.859375
857,C,A,-0.529296875,-2.607421875,-1.482421875,-6.08984375
858,A,B,-1.076171875,-0.82568359375,-1.544921875,-5.87109375
859,B,B,-1.1787109375,-0.88134765625,-1.4599609375,-3.208984375
860,A,A,-0.712890625,-1.337890625,-1.416015625,-6.3984375
861,D,B,-1.8876953125,-0.403564453125,-2.326171875,-2.576171875
862,B,B,-1.0830078125,-0.64599609375,-2.037109375,-7.41015625
863,C,C,-1.6474609375,-2.802734375,-0.50634765625,-1.9755859375
864,B,B,-1.2177734375,-0.499267578125,-3.375,-6.46875
865,D,C,-1.525390625,-1.400390625,-0.947265625,-1.931640625
866,D,C,-0.96728515625,-1.888671875,-0.77978515625,-5.015625
867,D,B,-1.8759765625,-0.60986328125,-1.2509765625,-4.265625
868,C,C,-1.169921875,-2.935546875,-0.46728515625,-6.859375
869,C,C,-1.685546875,-3.451171875,-0.26318359375,-7.43359375
870,A,A,-0.76513671875,-1.515625,-1.21875,-4.1875
871,C,B,-1.751953125,-0.81396484375,-0.97021484375,-6.046875
872,A,C,-1.1611328125,-1.4736328125,-0.8955078125,-3.25390625
873,A,C,-1.59765625,-1.12890625,-0.89453125,-2.92578125
874,A,B,-1.5693359375,-1.1787109375,-1.1787109375,-1.7724609375
875,A,C,-1.8896484375,-1.3115234375,-0.8896484375,-1.8740234375
876,B,B,-0.89404296875,-0.73779296875,-2.47265625,-6.48828125
877,D,B,-1.3984375,-0.80517578125,-1.2890625,-3.8203125
878,C,C,-0.92578125,-2.16015625,-0.76953125,-5.98828125
879,A,C,-1.5537109375,-1.3037109375,-0.6943359375,-4.5234375
880,D,C,-2.2109375,-1.0390625,-0.9765625,-1.8984375
881,C,B,-1.9658203125,-0.7470703125,-1.0283203125,-3.93359375
882,C,C,-1.2626953125,-1.4033203125,-0.7939453125,-4.40234375
883,B,B,-1.419921875,-0.841796875,-1.185546875,-5.125
884,D,C,-1.794921875,-1.810546875,-0.95068359375,-1.279296875
885,B,A,-0.74951171875,-1.453125,-1.25,-5.734375
886,B,B,-0.9326171875,-0.6669921875,-2.525390625,-7.51171875
887,C,C,-1.181640625,-1.291015625,-0.884765625,-6.68359375
888,C,A,-0.6767578125,-3.39453125,-0.8173828125,-6.86328125
889,C,C,-1.21875,-2.109375,-0.765625,-2.234375
890,A,A,-1.0439453125,-1.2158203125,-1.1533203125,-3.49609375
891,C,C,-2.095703125,-1.7041015625,-0.37646484375,-5.828125
892,B,B,-1.5625,-0.90673828125,-0.96923828125,-6.796875
893,C,C,-0.734375,-4.703125,-0.71875,-7.9375
894,D,C,-2.05078125,-1.6435546875,-0.89404296875,-1.3310546875
895,B,B,-2.90234375,-0.3876953125,-1.4814453125,-3.55859375
896,C,B,-1.5615234375,-0.5615234375,-1.5458984375,-6.53125
897,D,C,-1.353515625,-2.337890625,-1.119140625,-1.166015625
898,D,C,-1.484375,-1.890625,-0.5625,-3.203125
899,D,C,-1.37109375,-1.58984375,-1.04296875,-1.83984375
900,D,D,-1.8642578125,-1.9892578125,-1.2236328125,-0.89501953125
901,D,B,-1.458984375,-1.177734375,-1.380859375,-1.630859375
902,C,C,-2.08203125,-2.83203125,-0.2222900390625,-4.62890625
903,A,A,-0.69775390625,-0.71337890625,-4.82421875,-8.0390625
904,D,C,-1.498046875,-1.544921875,-0.63818359375,-3.544921875
905,D,A,-0.84423828125,-1.0322265625,-1.6259765625,-4.390625
906,C,B,-1.0869140625,-0.86865234375,-1.4306640625,-6.2578125
907,C,C,-1.046875,-4.53125,-0.48388671875,-7.28125
908,B,B,-1.552734375,-0.677734375,-1.599609375,-2.599609375
909,C,C,-1.3837890625,-2.3046875,-0.46142578125,-5.2109375
910,A,B,-1.396484375,-0.58349609375,-1.677734375,-7.64453125
911,D,C,-1.5439453125,-1.4658203125,-0.74658203125,-2.57421875
912,C,A,-0.69970703125,-1.7939453125,-1.1376953125,-5.54296875
913,D,B,-1.345703125,-0.92431640625,-1.142578125,-4.05078125
914,C,C,-1.8544921875,-3.08984375,-0.229736328125,-6.38671875
915,A,A,-0.91357421875,-1.1943359375,-1.2568359375,-4.9296875
916,D,B,-2.279296875,-0.435546875,-2.513671875,-1.810546875
917,C,B,-1.1640625,-1.0234375,-1.2109375,-3.6171875
918,C,C,-1.5390625,-1.4921875,-0.7421875,-2.5390625
919,B,B,-1.759765625,-0.556640625,-1.400390625,-5.4296875
920,D,A,-0.833984375,-1.958984375,-0.927734375,-6.08203125
921,D,B,-1.380859375,-0.662109375,-1.974609375,-2.443359375
922,A,C,-1.8203125,-1.0703125,-0.81982421875,-3.1484375
923,C,B,-1.5517578125,-0.8017578125,-1.0986328125,-7.91015625
924,D,B,-1.6103515625,-1.1259765625,-1.5322265625,-1.3759765625
925,C,C,-1.7294921875,-1.7919921875,-0.432861328125,-7.18359375
926,B,B,-1.4814453125,-0.372314453125,-2.607421875,-6.44921875
927,C,C,-1.396484375,-1.287109375,-0.755859375,-6.67578125
928,A,C,-1.2138671875,-1.1357421875,-1.0263671875,-5.32421875
929,A,C,-1.396484375,-1.771484375,-0.599609375,-4.14453125
930,D,C,-1.8779296875,-1.2685546875,-0.8779296875,-1.9560546875
931,A,C,-1.544921875,-1.357421875,-0.66943359375,-4.54296875
932,D,B,-1.849609375,-0.77197265625,-1.224609375,-2.740234375
933,A,A,-0.5087890625,-2.384765625,-1.2744140625,-6.3359375
934,B,B,-1.474609375,-0.427734375,-2.224609375,-5.16015625
935,A,C,-1.3720703125,-1.7939453125,-1.1845703125,-1.3095703125
936,C,B,-2.4375,-0.54638671875,-1.2021484375,-3.609375
937,C,C,-1.6796875,-1.1171875,-0.7578125,-4.3359375
938,C,C,-2.513671875,-6.55859375,-0.0909423828125,-9.09375
939,A,A,-0.908203125,-1.220703125,-1.236328125,-5.25
940,A,B,-1.3173828125,-0.67626953125,-1.5517578125,-5.03515625
941,B,C,-1.232421875,-1.263671875,-1.076171875,-2.748046875
942,B,B,-1.2490234375,-0.64013671875,-1.7177734375,-6.125
943,C,C,-1.55078125,-1.11328125,-0.80078125,-5.34765625
944,B,B,-1.8486328125,-0.8642578125,-0.9892578125,-3.14453125
945,C,B,-2.29296875,-0.464599609375,-1.71484375,-2.68359375
946,B,B,-1.1103515625,-0.6728515625,-1.8603515625,-7.109375
947,A,B,-1.1171875,-1.0078125,-1.1953125,-6.2578125
948,B,B,-1.6904296875,-0.330810546875,-2.486328125,-4.81640625
949,A,A,-0.712890625,-1.462890625,-1.337890625,-6.46484375
950,C,C,-1.734375,-1.265625,-0.62451171875,-8.15625
951,D,C,-2.693359375,-1.3798828125,-0.6767578125,-1.8330078125
952,C,C,-1.7958984375,-3.296875,-0.2802734375,-3.390625
953,D,C,-1.17578125,-1.36328125,-1.01953125,-2.81640625
954,D,B,-1.82421875,-0.73095703125,-1.35546875,-2.38671875
955,A,B,-2.400390625,-0.572265625,-1.556640625,-2.337890625
956,B,B,-2.048828125,-0.4404296875,-1.5654296875,-4.97265625
957,C,B,-1.26953125,-0.89404296875,-1.19140625,-6.58203125
958,C,B,-1.0546875,-0.8984375,-1.4296875,-7.5703125
959,B,B,-1.30078125,-0.62841796875,-1.78515625,-5.56640625
960,C,C,-1.3974609375,-1.0224609375,-1.0068359375,-4.1484375
961,C,A,-0.580078125,-1.408203125,-1.658203125,-6.03125
962,B,B,-1.3046875,-1.0078125,-1.0390625,-5.1171875
963,C,C,-1.2568359375,-2.224609375,-0.52197265625,-7.9609375
964,C,A,-0.791015625,-0.962890625,-1.884765625,-5.04296875
965,B,A,-0.80615234375,-0.89990234375,-1.9619140625,-6.8359375
966,C,C,-1.09765625,-1.31640625,-0.94091796875,-5.81640625
967,C,A,-0.93603515625,-1.373046875,-1.654296875,-1.841796875
968,A,B,-1.671875,-0.327880859375,-2.515625,-6.296875
969,D,B,-1.4814453125,-0.9658203125,-1.1689453125,-2.560546875
970,C,A,-0.79736328125,-1.671875,-1.09375,-4.078125
971,A,C,-1.080078125,-1.345703125,-0.970703125,-4.30078125
972,B,B,-2.74609375,-0.54296875,-5.68359375,-1.10546875
973,C,B,-1.201171875,-0.576171875,-2.060546875,-6.76171875
974,A,A,-0.685546875,-1.763671875,-1.185546875,-4.921875
975,D,B,-2.5625,-0.8125,-1.5,-1.40625
976,B,B,-1.6787109375,-0.5224609375,-1.5537109375,-7.0546875
977,B,B,-2.30078125,-0.59814453125,-1.2236328125,-3.76953125
978,B,B,-1.271484375,-0.396240234375,-3.177734375,-6.75390625
979,B,A,-0.59130859375,-1.310546875,-1.763671875,-7.91796875
980,C,C,-1.0166015625,-1.5009765625,-0.9228515625,-4.796875
981,B,B,-1.3115234375,-0.89013671875,-1.1865234375,-5.421875
982,B,A,-0.80712890625,-1.6669921875,-1.0576171875,-5.01171875
983,A,A,-1.2470703125,-1.7158203125,-1.4345703125,-1.2783203125
984,C,B,-1.1123046875,-1.0185546875,-1.6904296875,-2.30078125
985,D,B,-1.3046875,-0.7265625,-1.5390625,-4.8828125
986,C,B,-1.5927734375,-0.8271484375,-1.1552734375,-4.546875
987,A,B,-1.1982421875,-1.0419921875,-1.1357421875,-6.01171875
988,B,A,-0.701171875,-1.216796875,-1.669921875,-5.93359375
989,D,B,-1.2373046875,-0.76904296875,-1.5654296875,-4.28515625
990,A,B,-1.470703125,-0.62646484375,-1.533203125,-5.4375
991,D,C,-1.208984375,-1.177734375,-1.068359375,-4.6328125
992,A,C,-1.09765625,-1.91015625,-0.72265625,-4.51953125
993,B,B,-1.66796875,-0.464599609375,-1.73046875,-6.76171875
994,B,B,-1.7138671875,-0.6201171875,-1.3388671875,-5.96484375
995,C,C,-0.99609375,-1.91796875,-0.77734375,-6.18359375
996,D,C,-1.4462890625,-2.775390625,-0.52490234375,-2.322265625
997,D,B,-1.8740234375,-0.7490234375,-1.5302734375,-1.9052734375
998,D,C,-1.75390625,-1.59765625,-0.51904296875,-4.03515625
999,C,B,-1.61328125,-0.72216796875,-1.19140625,-4.98828125
1000,B,B,-1.9189453125,-0.481201171875,-1.6533203125,-3.33984375
1001,D,C,-1.5810546875,-1.0029296875,-0.87841796875,-5.87890625
1002,A,C,-0.91796875,-1.68359375,-0.90234375,-6.29296875
1003,D,C,-1.462890625,-1.525390625,-0.71337890625,-4.63671875
1004,D,C,-1.5791015625,-1.0947265625,-1.0634765625,-2.265625
1005,B,B,-1.6083984375,-0.43603515625,-1.9990234375,-6.359375
1006,D,A,-0.392822265625,-3.048828125,-1.361328125,-6.08203125
1007,A,B,-1.2216796875,-0.471923828125,-2.72265625,-5.51953125
1008,C,A,-0.9013671875,-1.6201171875,-0.9638671875,-5.73046875
1009,C,A,-0.6044921875,-1.3544921875,-1.7138671875,-5.21484375
1010,D,B,-1.1435546875,-0.73779296875,-1.7529296875,-4.12890625
1011,B,B,-2.16796875,-0.27734375,-2.12109375,-7.37109375
1012,C,C,-1.75,-1.828125,-0.43701171875,-5.6875
1013,A,B,-1.287109375,-0.91259765625,-1.240234375,-4.6953125
1014,D,D,-3.25,-1.2021484375,-3.28125,-0.4990234375
1015,C,C,-3.037109375,-2.537109375,-0.1470947265625,-8.78125
1016,D,B,-1.423828125,-0.73681640625,-1.611328125,-2.642578125
1017,C,B,-1.755859375,-0.427490234375,-2.005859375,-4.20703125
1018,D,A,-1.0869140625,-1.1337890625,-1.1337890625,-4.3984375
1019,A,C,-1.5859375,-1.5390625,-0.7421875,-3.6640625
1020,B,B,-1.5205078125,-0.270263671875,-4.26953125,-7.75390625
1021,C,B,-2.123046875,-0.3720703125,-1.7783203125,-4.24609375
1022,C,B,-2.39453125,-0.7529296875,-0.8779296875,-4.41015625
1023,A,C,-2.640625,-1.3134765625,-0.7041015625,-1.8447265625
1024,C,C,-1.513671875,-1.216796875,-0.87255859375,-2.763671875
1025,D,C,-1.8125,-1.296875,-0.62548828125,-3.75
1026,B,C,-1.87109375,-1.08984375,-0.74609375,-3.51171875
1027,D,D,-2.607421875,-1.9833984375,-2.669921875,-0.358154296875
1028,A,C,-1.8896484375,-0.95263671875,-0.93701171875,-2.84375
1029,D,C,-1.7158203125,-1.1689453125,-0.8720703125,-2.48046875
1030,A,C,-2.330078125,-1.111328125,-1.064453125,-1.580078125
1031,D,B,-1.556640625,-0.947265625,-1.150390625,-3.884765625
1032,A,C,-1.6396484375,-1.6396484375,-0.5302734375,-5.71875
1033,D,B,-1.2001953125,-0.95068359375,-1.7470703125,-2.076171875
1034,B,B,-1.7802734375,-0.483154296875,-1.5615234375,-5.8125
1035,B,B,-1.60546875,-0.465087890625,-1.88671875,-5.96484375
1036,D,C,-2.2734375,-1.1962890625,-0.9775390625,-1.5712890625
1037,A,B,-1.2353515625,-0.8134765625,-1.4697265625,-3.798828125
1038,C,C,-1.1005859375,-1.2880859375,-0.99169921875,-5.8828125
1039,D,B,-1.517578125,-0.876953125,-1.439453125,-2.080078125
1040,B,B,-1.150390625,-0.494384765625,-2.697265625,-8.2265625
1041,D,B,-1.271484375,-0.58349609375,-1.974609375,-4.00390625
1042,A,C,-1.1474609375,-1.2255859375,-1.0224609375,-5.6796875
1043,B,B,-1.126953125,-0.705078125,-1.845703125,-5.921875
1044,B,B,-1.0947265625,-0.92333984375,-1.3447265625,-6.40625
1045,A,C,-1.080078125,-1.408203125,-0.892578125,-6.12890625
1046,A,B,-1.251953125,-0.97021484375,-1.142578125,-5.296875
1047,D,C,-1.4345703125,-1.1064453125,-0.9814453125,-3.07421875
1048,D,B,-1.962890625,-0.447021484375,-2.259765625,-2.197265625
1049,C,C,-2.07421875,-4.82421875,-0.16796875,-6.46484375
1050,A,C,-1.498046875,-1.810546875,-0.669921875,-2.435546875
1051,A,C,-1.078125,-2.015625,-0.68701171875,-5.734375
1052,D,B,-1.75390625,-0.47314453125,-1.66015625,-5.31640625
1053,D,B,-1.544921875,-0.779296875,-1.263671875,-3.279296875
1054,C,B,-1.884765625,-0.603515625,-1.228515625,-5.9296875
1055,A,B,-1.0634765625,-0.9072265625,-1.4384765625,-6.1875
1056,C,C,-1.29296875,-1.83984375,-0.58984375,-6.77734375
1057,B,B,-1.3525390625,-0.60302734375,-1.6806640625,-6.1796875
1058,C,C,-1.6279296875,-1.3154296875,-0.6435546875,-6.56640625
1059,C,A,-0.8759765625,-1.0947265625,-1.4228515625,-7.03125
1060,A,A,-0.62841796875,-1.5810546875,-1.4091796875,-5.70703125
1061,D,B,-1.228515625,-0.744140625,-1.822265625,-2.962890625
1062,B,B,-1.6611328125,-0.317626953125,-2.615234375,-5.62890625
1063,C,C,-1.4404296875,-2.72265625,-0.378173828125,-5.69140625
1064,C,C,-1.2958984375,-1.3583984375,-0.7958984375,-4.390625
1065,D,B,-1.046875,-0.67236328125,-2.046875,-6.078125
1066,A,C,-1.1474609375,-1.7724609375,-0.7255859375,-4.4609375
1067,A,C,-1.39453125,-1.23828125,-1.00390625,-3.41015625
1068,B,B,-2.708984375,-0.61474609375,-0.98974609375,-7.30078125
1069,A,A,-0.99853515625,-1.3271484375,-1.0927734375,-4.890625
1070,D,D,-1.771484375,-1.365234375,-1.287109375,-1.224609375
1071,A,A,-0.98681640625,-1.314453125,-1.064453125,-6.19140625
1072,A,C,-1.443359375,-1.193359375,-0.818359375,-4.6328125
1073,A,B,-1.2294921875,-0.8076171875,-1.4638671875,-3.68359375
1074,C,A,-0.85986328125,-1.3134765625,-1.2197265625,-4.9375
1075,D,B,-1.189453125,-0.92333984375,-1.345703125,-3.720703125
1076,B,B,-1.2998046875,-0.54931640625,-1.9873046875,-5.91015625
1077,B,B,-1.5751953125,-0.59033203125,-1.4501953125,-7.91796875
1078,C,B,-1.5029296875,-0.56494140625,-1.6123046875,-5.08203125
1079,C,B,-1.51171875,-0.63671875,-1.41796875,-6.21484375
1080,B,B,-1.591796875,-0.279541015625,-3.576171875,-6.53125
1081,A,A,-0.404052734375,-3.060546875,-1.279296875,-6.83984375
1082,C,C,-0.88037109375,-2.787109375,-0.70849609375,-6.58203125
1083,D,A,-0.92626953125,-1.72265625,-0.97314453125,-3.12890625
1084,B,B,-0.7646484375,-0.7177734375,-3.263671875,-7.046875
1085,B,B,-2.3125,-0.64013671875,-0.99951171875,-8.21875
1086,C,A,-0.94482421875,-1.3359375,-1.1484375,-3.9765625
1087,A,B,-1.4560546875,-0.62841796875,-1.5654296875,-5.19140625
1088,D,B,-0.86474609375,-0.66162109375,-2.896484375,-6.64453125
1089,A,B,-1.267578125,-1.033203125,-1.080078125,-4.17578125
1090,D,B,-1.4345703125,-0.90380859375,-1.3251953125,-2.544921875
1091,C,C,-1.2861328125,-2.099609375,-0.5517578125,-5.94140625
1092,A,C,-1.279296875,-1.669921875,-0.669921875,-5.0625
1093,B,B,-2.091796875,-0.248046875,-2.419921875,-7.58984375
1094,A,B,-1.025390625,-0.900390625,-1.634765625,-4.2890625
1095,B,A,-0.74658203125,-1.18359375,-1.57421875,-4.82421875
1096,B,B,-1.521484375,-0.64697265625,-1.427734375,-5.6640625
1097,B,B,-1.6484375,-0.56982421875,-1.5078125,-4.3984375
1098,B,C,-1.0302734375,-2.357421875,-0.9365234375,-1.9052734375
1099,C,B,-1.4931640625,-0.96142578125,-1.1337890625,-2.9140625
1100,A,B,-1.7099609375,-0.428955078125,-1.8349609375,-5.5078125
1101,B,B,-1.7001953125,-0.7626953125,-1.3251953125,-2.94921875
1102,B,B,-1.9189453125,-0.294189453125,-2.341796875,-6.07421875
1103,D,B,-1.1884765625,-1.0478515625,-1.5791015625,-2.078125
1104,D,B,-1.162109375,-0.70947265625,-1.912109375,-3.974609375
1105,D,C,-1.6171875,-1.0859375,-0.9453125,-2.8984375
1106,B,B,-1.734375,-0.65625,-1.59375,-2.40625
1107,D,B,-1.4658203125,-0.57470703125,-1.8720703125,-5.12109375
1108,A,B,-2.298828125,-0.1734619140625,-3.861328125,-4.546875
1109,D,A,-0.71728515625,-1.263671875,-1.669921875,-6.46875
1110,B,B,-1.94140625,-0.25439453125,-2.61328125,-6.97265625
1111,C,B,-1.3203125,-0.53857421875,-1.9765625,-6.0703125
1112,C,C,-1.49609375,-2.99609375,-0.33984375,-7.87109375
1113,B,B,-1.314453125,-0.37646484375,-3.564453125,-4.953125
1114,B,B,-1.1494140625,-0.5869140625,-2.369140625,-6.4453125
1115,C,C,-1.375,-1.4375,-0.703125,-6.859375
1116,C,C,-1.064453125,-2.611328125,-0.580078125,-6.03125
1117,C,C,-1.5673828125,-1.3173828125,-0.6767578125,-4.84765625
1118,A,A,-0.83544921875,-1.1943359375,-1.3505859375,-6.0859375
1119,D,B,-2.015625,-0.4375,-2.15625,-2.359375
1120,A,A,-0.7392578125,-1.3017578125,-1.7236328125,-2.75390625
1121,A,B,-1.30859375,-0.62109375,-1.68359375,-7.30859375
1122,C,C,-1.3173828125,-1.0830078125,-0.9736328125,-5.20703125
1123,B,B,-1.603515625,-0.447021484375,-1.947265625,-4.9296875
1124,B,B,-3.083984375,-0.1925048828125,-2.255859375,-3.990234375
1125,C,B,-1.5615234375,-0.5458984375,-1.7177734375,-3.765625
1126,B,B,-2.32421875,-0.77783203125,-0.84033203125,-6.29296875
1127,A,A,-0.85791015625,-1.263671875,-1.279296875,-5.546875
1128,D,B,-1.4375,-0.515625,-2.46875,-2.75
1129,C,A,-0.303466796875,-3.958984375,-1.4599609375,-6.3046875
1130,C,C,-1.310546875,-2.857421875,-0.420166015625,-7.0
1131,C,B,-1.3017578125,-0.87939453125,-1.3486328125,-4.34765625
1132,D,C,-1.11328125,-1.51953125,-0.86279296875,-3.78515625
1133,D,C,-1.798828125,-1.767578125,-1.080078125,-1.158203125
1134,C,A,-0.7900390625,-1.3837890625,-1.3369140625,-4.9140625
1135,D,B,-1.6826171875,-0.5107421875,-1.8544921875,-4.08984375
1136,C,C,-1.9248046875,-2.455078125,-0.299560546875,-5.56640625
1137,A,A,-0.921875,-1.703125,-0.921875,-4.21875
1138,A,B,-1.556640625,-0.400146484375,-2.337890625,-6.4140625
1139,C,C,-1.306640625,-2.103515625,-0.509765625,-6.13671875
1140,A,A,-0.83935546875,-1.3701171875,-1.2451171875,-4.79296875
1141,D,D,-2.96484375,-3.16796875,-3.29296875,-0.1522216796875
1142,C,B,-2.255859375,-0.39697265625,-1.7099609375,-3.443359375
1143,C,C,-1.1396484375,-1.4365234375,-0.8740234375,-4.046875
1144,B,B,-2.46875,-0.28173828125,-1.875,-6.375
1145,B,B,-1.2470703125,-0.57568359375,-1.9189453125,-6.73046875
1146,A,B,-1.1552734375,-0.8271484375,-1.4521484375,-5.34375
1147,B,B,-3.31640625,-0.113037109375,-2.78515625,-8.28125
1148,A,B,-1.2109375,-0.7890625,-2.0078125,-2.4296875
1149,B,B,-1.5859375,-0.46044921875,-1.8359375,-7.0234375
1150,A,B,-1.2041015625,-0.5166015625,-2.439453125,-4.71875
1151,A,C,-1.1708984375,-1.6708984375,-0.73388671875,-4.890625
1152,B,B,-2.048828125,-0.407958984375,-1.611328125,-5.921875
1153,C,C,-2.072265625,-0.97900390625,-0.90087890625,-3.166015625
1154,A,C,-1.5009765625,-1.0166015625,-0.90673828125,-6.546875
1155,B,A,-0.80224609375,-0.97412109375,-1.7861328125,-8.1484375
1156,C,C,-1.8251953125,-1.9033203125,-0.387451171875,-6.13671875
1157,C,C,-1.501953125,-1.955078125,-0.47119140625,-6.28515625
1158,A,A,-0.8583984375,-1.2958984375,-1.2646484375,-4.734375
1159,A,A,-0.91796875,-1.54296875,-1.04296875,-5.23046875
1160,D,B,-2.126953125,-0.626953125,-1.736328125,-1.892578125
1161,A,A,-0.396484375,-2.583984375,-1.427734375,-5.80078125
1162,C,C,-1.361328125,-1.501953125,-0.689453125,-4.91015625
1163,C,C,-2.685546875,-5.73046875,-0.09112548828125,-8.109375
1164,D,B,-1.5986328125,-0.55224609375,-1.6298828125,-4.23828125
1165,B,B,-2.40625,-0.1090087890625,-5.265625,-7.84375
1166,A,A,-0.5107421875,-1.4482421875,-1.9326171875,-5.91796875
1167,C,C,-1.568359375,-0.99072265625,-0.92822265625,-5.0390625
1168,C,C,-1.748046875,-2.029296875,-0.388671875,-7.15625
1169,A,A,-0.578125,-1.046875,-2.59375,-7.03125
1170,D,B,-1.310546875,-0.48193359375,-2.513671875,-3.888671875
1171,D,B,-1.0869140625,-1.0556640625,-1.2431640625,-3.8671875
1172,C,C,-2.267578125,-2.751953125,-0.1898193359375,-8.328125
1173,B,B,-1.9306640625,-0.30517578125,-2.3046875,-4.1953125
1174,D,A,-1.056640625,-1.291015625,-2.197265625,-1.369140625
1175,A,C,-0.89013671875,-2.21875,-0.82763671875,-3.46875
1176,B,A,-0.6416015625,-1.1103515625,-1.9697265625,-6.96875
1177,D,B,-1.517578125,-1.080078125,-1.283203125,-1.845703125
1178,D,C,-1.61328125,-1.16015625,-0.83203125,-3.23828125
1179,B,B,-1.5009765625,-0.438720703125,-2.080078125,-5.78125
1180,D,B,-1.970703125,-0.876953125,-1.283203125,-1.830078125
1181,B,B,-1.5654296875,-0.83154296875,-1.1904296875,-3.58203125
1182,D,C,-1.923828125,-1.267578125,-0.923828125,-2.111328125
1183,B,B,-1.3203125,-0.461181640625,-3.0859375,-6.3984375
1184,B,B,-2.322265625,-0.1181640625,-4.6484375,-9.3203125
1185,A,C,-1.626953125,-1.376953125,-0.626953125,-4.96875
1186,B,B,-1.5673828125,-1.0048828125,-1.1142578125,-4.22265625
1187,A,C,-1.36328125,-2.14453125,-0.488037109375,-4.69140625
1188,D,C,-1.5927734375,-1.4052734375,-0.6708984375,-3.419921875
1189,C,C,-0.99658203125,-1.8564453125,-0.77783203125,-4.60546875
1190,D,C,-0.89404296875,-1.98828125,-0.81591796875,-5.47265625
1191,B,C,-1.169921875,-1.341796875,-0.87255859375,-6.18359375
1192,C,A,-1.0439453125,-1.1376953125,-1.1376953125,-5.44921875
1193,C,B,-2.00390625,-0.5361328125,-1.3173828125,-5.39453125
1194,D,C,-1.9873046875,-2.67578125,-0.2376708984375,-6.62890625
1195,B,B,-1.4521484375,-0.87451171875,-1.0615234375,-7.015625
1196,C,C,-0.99462890625,-1.478515625,-0.96337890625,-4.21484375
1197,B,A,-0.9150390625,-1.5869140625,-1.0244140625,-3.384765625
1198,B,C,-1.404296875,-1.232421875,-0.79541015625,-4.78125
1199,B,C,-1.93359375,-0.99658203125,-0.82470703125,-4.74609375
1200,C,C,-2.1015625,-1.6640625,-0.398193359375,-4.6171875
1201,C,C,-1.494140625,-1.025390625,-0.96240234375,-3.666015625
1202,A,C,-1.6142578125,-1.4111328125,-0.6455078125,-4.12890625
1203,A,B,-1.845703125,-0.70556640625,-1.142578125,-4.25390625
1204,C,C,-1.59765625,-1.11328125,-0.81689453125,-3.78515625
1205,B,C,-1.55078125,-1.25390625,-0.80126953125,-3.00390625
1206,D,B,-2.111328125,-1.048828125,-1.095703125,-1.658203125
1207,C,C,-1.697265625,-1.103515625,-0.759765625,-4.46484375
1208,B,A,-0.94091796875,-1.58203125,-1.53515625,-1.69140625
1209,B,B,-1.2177734375,-0.71728515625,-1.6396484375,-4.015625
1210,C,B,-1.3798828125,-0.9423828125,-1.0673828125,-5.45703125
1211,D,C,-1.1572265625,-1.6103515625,-0.7666015625,-5.453125
1212,D,C,-2.037109375,-1.818359375,-0.58349609375,-1.974609375
1213,B,C,-1.8369140625,-1.5712890625,-0.50830078125,-3.6328125
1214,B,B,-2.15625,-0.734375,-0.9375,-7.671875
1215,D,C,-2.1875,-1.125,-0.78125,-3.59375
1216,A,C,-1.859375,-1.640625,-0.453125,-4.859375
1217,B,C,-2.23046875,-2.93359375,-0.182861328125,-5.65234375
1218,A,A,-0.279052734375,-3.373046875,-1.654296875,-4.15234375
1219,B,C,-2.0,-1.5166015625,-0.5166015625,-4.640625
1220,B,B,-2.140625,-0.625,-1.09375,-4.859375
1221,B,B,-2.833984375,-0.427001953125,-1.2548828125,-6.28515625
1222,B,C,-1.2607421875,-1.7138671875,-0.6357421875,-5.66796875
1223,D,C,-1.5380859375,-1.0224609375,-0.91259765625,-4.0703125
1224,C,C,-1.0595703125,-1.7626953125,-0.98095703125,-2.30859375
1225,D,C,-1.4384765625,-2.267578125,-0.454345703125,-3.783203125
1226,B,C,-1.3388671875,-1.8701171875,-0.72900390625,-2.322265625
1227,A,C,-1.5654296875,-1.4404296875,-0.6123046875,-5.59765625
1228,D,B,-1.54296875,-0.88720703125,-1.01171875,-5.43359375
1229,B,B,-1.3779296875,-0.95556640625,-1.2685546875,-2.564453125
1230,A,A,-0.7099609375,-3.083984375,-0.7880859375,-5.5234375
1231,C,A,-0.8984375,-1.0234375,-1.5703125,-4.2578125
1232,D,C,-1.994140625,-0.93115234375,-0.82177734375,-3.666015625
1233,B,B,-1.921875,-0.374755859375,-1.875,-6.609375
1234,B,A,-0.68212890625,-1.478515625,-1.369140625,-6.43359375
1235,D,D,-2.275390625,-1.759765625,-1.572265625,-0.68212890625
1236,B,B,-1.97265625,-0.25439453125,-2.72265625,-4.70703125
1237,D,B,-2.681640625,-0.82275390625,-1.1044921875,-2.103515625
1238,A,C,-1.8310546875,-1.2060546875,-0.6435546875,-4.72265625
1239,C,B,-1.8291015625,-0.7197265625,-1.3603515625,-2.564453125
1240,C,C,-1.5244140625,-3.3046875,-0.336669921875,-3.8984375
1241,B,B,-2.40625,-0.890625,-1.25,-2.40625
1242,C,C,-1.400390625,-1.244140625,-0.791015625,-5.9453125
1243,A,C,-1.064453125,-2.314453125,-0.658203125,-3.845703125
1244,D,B,-2.248046875,-0.79443359375,-1.0126953125,-3.529296875
1245,A,C,-2.1875,-1.5927734375,-0.421142578125,-4.703125
1246,D,C,-2.060546875,-0.9990234375,-0.7802734375,-3.669921875
1247,B,B,-1.6630859375,-0.63134765625,-1.4287109375,-3.990234375
1248,A,C,-1.267578125,-1.548828125,-0.830078125,-3.751953125
1249,A,C,-2.19921875,-1.0263671875,-0.85498046875,-2.35546875
1250,D,C,-2.408203125,-2.142578125,-0.92431640625,-0.95556640625
1251,C,B,-1.6171875,-0.9765625,-1.1953125,-2.3671875
1252,D,A,-0.6728515625,-1.5947265625,-1.3134765625,-4.265625
1253,D,C,-1.0869140625,-2.7265625,-1.0244140625,-1.4462890625
1254,C,C,-2.986328125,-1.705078125,-0.34521484375,-5.171875
1255,B,B,-3.287109375,-0.53662109375,-1.037109375,-5.64453125
1256,A,B,-3.27734375,-0.65283203125,-1.04296875,-3.10546875
1257,B,B,-3.033203125,-0.6279296875,-0.9716796875,-3.845703125
1258,D,B,-1.5517578125,-0.72314453125,-1.2392578125,-5.58203125
1259,C,C,-2.54296875,-2.18359375,-0.80908203125,-1.0283203125
1260,C,C,-2.068359375,-1.021484375,-0.67724609375,-6.28515625
1261,B,B,-1.494140625,-0.79052734375,-1.212890625,-4.0390625
1262,A,C,-1.9599609375,-2.3515625,-0.288330078125,-5.8515625
1263,D,C,-1.8583984375,-2.060546875,-0.342529296875,-6.3125
1264,C,C,-3.494140625,-1.9638671875,-0.197998046875,-5.68359375
1265,B,B,-1.5048828125,-0.9736328125,-0.9892578125,-4.16015625
1266,A,C,-1.8388671875,-2.13671875,-0.58935546875,-1.8701171875
1267,D,B,-1.779296875,-0.638671875,-1.373046875,-3.529296875
1268,B,C,-1.4501953125,-1.0908203125,-0.9658203125,-4.07421875
1269,D,C,-1.2666015625,-1.1103515625,-1.0478515625,-3.470703125
1270,C,C,-2.7734375,-4.3359375,-0.085693359375,-7.0390625
1271,C,C,-3.240234375,-4.86328125,-0.052001953125,-7.59765625
1272,C,C,-2.466796875,-4.33984375,-0.1072998046875,-6.23046875
